accession_id,design_description,library_name,library_construction_protocol,paired_nominal_length,paired_nominal_sdev,platform,model,library_layout,library_strategy,library_source,library_selection,extra_attributes,study_accession_id,submission_accession_id,created_at,edited_at
EGAX00001495572,,,,200,,ILLUMINA,Illumina HiSeq 2500,PAIRED,RNA-Seq,TRANSCRIPTOMIC,Oligo-dT,,EGAS00001002346,EGA00001326246,2017-03-11 14:01:20+01,2017-03-11 14:01:20+01
EGAX00001495573,,,,200,,ILLUMINA,Illumina HiSeq 2500,PAIRED,RNA-Seq,TRANSCRIPTOMIC,Oligo-dT,,EGAS00001002346,EGA00001326246,2017-03-11 14:01:20+01,2017-03-11 14:01:20+01
EGAX00001495574,,,,200,,ILLUMINA,Illumina HiSeq 2500,PAIRED,RNA-Seq,TRANSCRIPTOMIC,Oligo-dT,,EGAS00001002346,EGA00001326246,2017-03-11 14:01:20+01,2017-03-11 14:01:20+01
EGAX00001495575,,,,200,,ILLUMINA,Illumina HiSeq 2500,PAIRED,RNA-Seq,TRANSCRIPTOMIC,Oligo-dT,,EGAS00001002346,EGA00001326246,2017-03-11 14:01:20+01,2017-03-11 14:01:20+01
EGAX00001495576,,,,200,,ILLUMINA,Illumina HiSeq 2500,PAIRED,RNA-Seq,TRANSCRIPTOMIC,Oligo-dT,,EGAS00001002346,EGA00001326246,2017-03-11 14:01:20+01,2017-03-11 14:01:20+01
EGAX00001495577,,,,200,,ILLUMINA,Illumina HiSeq 2500,PAIRED,RNA-Seq,TRANSCRIPTOMIC,Oligo-dT,,EGAS00001002346,EGA00001326246,2017-03-11 14:01:20+01,2017-03-11 14:01:20+01
EGAX00001495578,,,,200,,ILLUMINA,Illumina HiSeq 2500,PAIRED,RNA-Seq,TRANSCRIPTOMIC,Oligo-dT,,EGAS00001002346,EGA00001326246,2017-03-11 14:01:20+01,2017-03-11 14:01:20+01
EGAX00001495579,,,,200,,ILLUMINA,Illumina HiSeq 2500,PAIRED,RNA-Seq,TRANSCRIPTOMIC,Oligo-dT,,EGAS00001002346,EGA00001326246,2017-03-11 14:01:20+01,2017-03-11 14:01:20+01
EGAX00001495586,,,,200,,ILLUMINA,Illumina HiSeq 2500,PAIRED,RNA-Seq,TRANSCRIPTOMIC,Oligo-dT,,EGAS00001002346,EGA00001326246,2017-03-11 14:01:20+01,2017-03-11 14:01:20+01
EGAX00001495587,,,,200,,ILLUMINA,Illumina HiSeq 2500,PAIRED,Targeted-Capture,GENOMIC,Hybrid Selection,,EGAS00001002346,EGA00001326246,2017-03-11 14:01:20+01,2017-03-11 14:01:20+01
EGAX00001495588,,,,200,,ILLUMINA,Illumina HiSeq 2500,PAIRED,RNA-Seq,TRANSCRIPTOMIC,Oligo-dT,,EGAS00001002346,EGA00001326246,2017-03-11 14:01:20+01,2017-03-11 14:01:20+01
EGAX00001495589,,,,200,,ILLUMINA,Illumina HiSeq 2500,PAIRED,RNA-Seq,TRANSCRIPTOMIC,Oligo-dT,,EGAS00001002346,EGA00001326246,2017-03-11 14:01:20+01,2017-03-11 14:01:21+01
EGAX00001495590,,,,200,,ILLUMINA,Illumina HiSeq 2500,PAIRED,Targeted-Capture,GENOMIC,Hybrid Selection,,EGAS00001002346,EGA00001326246,2017-03-11 14:01:21+01,2017-03-11 14:01:21+01
EGAX00001495591,,,,200,,ILLUMINA,Illumina HiSeq 2500,PAIRED,RNA-Seq,TRANSCRIPTOMIC,Oligo-dT,,EGAS00001002346,EGA00001326246,2017-03-11 14:01:21+01,2017-03-11 14:01:21+01
EGAX00001495592,,,,200,,ILLUMINA,Illumina HiSeq 2500,PAIRED,RNA-Seq,TRANSCRIPTOMIC,Oligo-dT,,EGAS00001002346,EGA00001326246,2017-03-11 14:01:21+01,2017-03-11 14:01:21+01
EGAX00001495593,,,,200,,ILLUMINA,Illumina HiSeq 2500,PAIRED,RNA-Seq,TRANSCRIPTOMIC,Oligo-dT,,EGAS00001002346,EGA00001326246,2017-03-11 14:01:21+01,2017-03-11 14:01:21+01
EGAX00001495594,,,,200,,ILLUMINA,Illumina HiSeq 2500,PAIRED,Targeted-Capture,GENOMIC,Hybrid Selection,,EGAS00001002346,EGA00001326246,2017-03-11 14:01:21+01,2017-03-11 14:01:21+01
EGAX00001495595,,,,200,,ILLUMINA,Illumina HiSeq 2500,PAIRED,RNA-Seq,TRANSCRIPTOMIC,Oligo-dT,,EGAS00001002346,EGA00001326246,2017-03-11 14:01:21+01,2017-03-11 14:01:21+01
EGAX00001495596,,,,200,,ILLUMINA,Illumina HiSeq 2500,PAIRED,Targeted-Capture,GENOMIC,Hybrid Selection,,EGAS00001002346,EGA00001326246,2017-03-11 14:01:21+01,2017-03-11 14:01:21+01
EGAX00001495597,,,,200,,ILLUMINA,Illumina HiSeq 2500,PAIRED,RNA-Seq,TRANSCRIPTOMIC,Oligo-dT,,EGAS00001002346,EGA00001326246,2017-03-11 14:01:21+01,2017-03-11 14:01:21+01
EGAX00001495598,,,,200,,ILLUMINA,Illumina HiSeq 2500,PAIRED,Targeted-Capture,GENOMIC,Hybrid Selection,,EGAS00001002346,EGA00001326246,2017-03-11 14:01:21+01,2017-03-11 14:01:21+01
EGAX00001495599,,,,200,,ILLUMINA,Illumina HiSeq 2500,PAIRED,RNA-Seq,TRANSCRIPTOMIC,Oligo-dT,,EGAS00001002346,EGA00001326246,2017-03-11 14:01:21+01,2017-03-11 14:01:21+01
EGAX00001495600,,,,200,,ILLUMINA,Illumina HiSeq 2500,PAIRED,RNA-Seq,TRANSCRIPTOMIC,Oligo-dT,,EGAS00001002346,EGA00001326246,2017-03-11 14:01:21+01,2017-03-11 14:01:21+01
EGAX00001495601,,,,200,,ILLUMINA,Illumina HiSeq 2500,PAIRED,Targeted-Capture,GENOMIC,Hybrid Selection,,EGAS00001002346,EGA00001326246,2017-03-11 14:01:21+01,2017-03-11 14:01:21+01
EGAX00001495602,,,,200,,ILLUMINA,Illumina HiSeq 2500,PAIRED,RNA-Seq,TRANSCRIPTOMIC,Oligo-dT,,EGAS00001002346,EGA00001326246,2017-03-11 14:01:21+01,2017-03-11 14:01:21+01
EGAX00001495603,,,,200,,ILLUMINA,Illumina HiSeq 2500,PAIRED,RNA-Seq,TRANSCRIPTOMIC,Oligo-dT,,EGAS00001002346,EGA00001326246,2017-03-11 14:01:21+01,2017-03-11 14:01:21+01
EGAX00001495604,,,,200,,ILLUMINA,Illumina HiSeq 2500,PAIRED,Targeted-Capture,GENOMIC,Hybrid Selection,,EGAS00001002346,EGA00001326246,2017-03-11 14:01:21+01,2017-03-11 14:01:21+01
EGAX00001495605,,,,200,,ILLUMINA,Illumina HiSeq 2500,PAIRED,RNA-Seq,TRANSCRIPTOMIC,Oligo-dT,,EGAS00001002346,EGA00001326246,2017-03-11 14:01:21+01,2017-03-11 14:01:21+01
EGAX00001495606,,,,200,,ILLUMINA,Illumina HiSeq 2500,PAIRED,Targeted-Capture,GENOMIC,Hybrid Selection,,EGAS00001002346,EGA00001326246,2017-03-11 14:01:21+01,2017-03-11 14:01:21+01
EGAX00001495607,,,,200,,ILLUMINA,Illumina HiSeq 2500,PAIRED,RNA-Seq,TRANSCRIPTOMIC,Oligo-dT,,EGAS00001002346,EGA00001326246,2017-03-11 14:01:21+01,2017-03-11 14:01:21+01
EGAX00001495608,,,,200,,ILLUMINA,Illumina HiSeq 2500,PAIRED,RNA-Seq,TRANSCRIPTOMIC,Oligo-dT,,EGAS00001002346,EGA00001326246,2017-03-11 14:01:21+01,2017-03-11 14:01:21+01
EGAX00001495609,,,,200,,ILLUMINA,Illumina HiSeq 2500,PAIRED,Targeted-Capture,GENOMIC,Hybrid Selection,,EGAS00001002346,EGA00001326246,2017-03-11 14:01:21+01,2017-03-11 14:01:21+01
EGAX00001495610,,,,200,,ILLUMINA,Illumina HiSeq 2500,PAIRED,RNA-Seq,TRANSCRIPTOMIC,Oligo-dT,,EGAS00001002346,EGA00001326246,2017-03-11 14:01:21+01,2017-03-11 14:01:21+01
EGAX00001495611,,,,200,,ILLUMINA,Illumina HiSeq 2500,PAIRED,Targeted-Capture,GENOMIC,Hybrid Selection,,EGAS00001002346,EGA00001326246,2017-03-11 14:01:21+01,2017-03-11 14:01:21+01
EGAX00001495612,,,,200,,ILLUMINA,Illumina HiSeq 2500,PAIRED,RNA-Seq,TRANSCRIPTOMIC,Oligo-dT,,EGAS00001002346,EGA00001326246,2017-03-11 14:01:21+01,2017-03-11 14:01:21+01
EGAX00001495613,,,,200,,ILLUMINA,Illumina HiSeq 2500,PAIRED,RNA-Seq,TRANSCRIPTOMIC,Oligo-dT,,EGAS00001002346,EGA00001326246,2017-03-11 14:01:21+01,2017-03-11 14:01:21+01
EGAX00001495614,,,,200,,ILLUMINA,Illumina HiSeq 2500,PAIRED,Targeted-Capture,GENOMIC,Hybrid Selection,,EGAS00001002346,EGA00001326246,2017-03-11 14:01:21+01,2017-03-11 14:01:21+01
EGAX00001495615,,,,200,,ILLUMINA,Illumina HiSeq 2500,PAIRED,RNA-Seq,TRANSCRIPTOMIC,Oligo-dT,,EGAS00001002346,EGA00001326246,2017-03-11 14:01:21+01,2017-03-11 14:01:21+01
EGAX00001495616,,,,200,,ILLUMINA,Illumina HiSeq 2500,PAIRED,RNA-Seq,TRANSCRIPTOMIC,Oligo-dT,,EGAS00001002346,EGA00001326246,2017-03-11 14:01:21+01,2017-03-11 14:01:21+01
EGAX00001495617,,,,200,,ILLUMINA,Illumina HiSeq 2500,PAIRED,RNA-Seq,TRANSCRIPTOMIC,Oligo-dT,,EGAS00001002346,EGA00001326246,2017-03-11 14:01:21+01,2017-03-11 14:01:21+01
EGAX00001495618,,,,200,,ILLUMINA,Illumina HiSeq 2500,PAIRED,Targeted-Capture,GENOMIC,Hybrid Selection,,EGAS00001002346,EGA00001326246,2017-03-11 14:01:21+01,2017-03-11 14:01:21+01
EGAX00001495619,,,,200,,ILLUMINA,Illumina HiSeq 2500,PAIRED,RNA-Seq,TRANSCRIPTOMIC,Oligo-dT,,EGAS00001002346,EGA00001326246,2017-03-11 14:01:21+01,2017-03-11 14:01:21+01
EGAX00001495620,,,,200,,ILLUMINA,Illumina HiSeq 2500,PAIRED,RNA-Seq,TRANSCRIPTOMIC,Oligo-dT,,EGAS00001002346,EGA00001326246,2017-03-11 14:01:21+01,2017-03-11 14:01:21+01
EGAX00001495621,,,,200,,ILLUMINA,Illumina HiSeq 2500,PAIRED,Targeted-Capture,GENOMIC,Hybrid Selection,,EGAS00001002346,EGA00001326246,2017-03-11 14:01:21+01,2017-03-11 14:01:21+01
EGAX00001495622,,,,200,,ILLUMINA,Illumina HiSeq 2500,PAIRED,RNA-Seq,TRANSCRIPTOMIC,Oligo-dT,,EGAS00001002346,EGA00001326246,2017-03-11 14:01:21+01,2017-03-11 14:01:21+01
EGAX00001495623,,,,200,,ILLUMINA,Illumina HiSeq 2500,PAIRED,RNA-Seq,TRANSCRIPTOMIC,Oligo-dT,,EGAS00001002346,EGA00001326246,2017-03-11 14:01:21+01,2017-03-11 14:01:21+01
EGAX00001495624,,,,200,,ILLUMINA,Illumina HiSeq 2500,PAIRED,Targeted-Capture,GENOMIC,Hybrid Selection,,EGAS00001002346,EGA00001326246,2017-03-11 14:01:21+01,2017-03-11 14:01:21+01
EGAX00001495625,,,,200,,ILLUMINA,Illumina HiSeq 2500,PAIRED,RNA-Seq,TRANSCRIPTOMIC,Oligo-dT,,EGAS00001002346,EGA00001326246,2017-03-11 14:01:21+01,2017-03-11 14:01:21+01
EGAX00001495626,,,,200,,ILLUMINA,Illumina HiSeq 2500,PAIRED,RNA-Seq,TRANSCRIPTOMIC,Oligo-dT,,EGAS00001002346,EGA00001326246,2017-03-11 14:01:21+01,2017-03-11 14:01:21+01
EGAX00001495627,,,,200,,ILLUMINA,Illumina HiSeq 2500,PAIRED,RNA-Seq,TRANSCRIPTOMIC,Oligo-dT,,EGAS00001002346,EGA00001326246,2017-03-11 14:01:21+01,2017-03-11 14:01:21+01
EGAX00001495628,,,,200,,ILLUMINA,Illumina HiSeq 2500,PAIRED,RNA-Seq,TRANSCRIPTOMIC,Oligo-dT,,EGAS00001002346,EGA00001326246,2017-03-11 14:01:21+01,2017-03-11 14:01:21+01
EGAX00001495629,,,,200,,ILLUMINA,Illumina HiSeq 2500,PAIRED,Targeted-Capture,GENOMIC,Hybrid Selection,,EGAS00001002346,EGA00001326246,2017-03-11 14:01:21+01,2017-03-11 14:01:21+01
EGAX00001495630,,,,200,,ILLUMINA,Illumina HiSeq 2500,PAIRED,RNA-Seq,TRANSCRIPTOMIC,Oligo-dT,,EGAS00001002346,EGA00001326246,2017-03-11 14:01:21+01,2017-03-11 14:01:21+01
EGAX00001495631,,,,200,,ILLUMINA,Illumina HiSeq 2500,PAIRED,Targeted-Capture,GENOMIC,Hybrid Selection,,EGAS00001002346,EGA00001326246,2017-03-11 14:01:21+01,2017-03-11 14:01:21+01
EGAX00001495632,,,,200,,ILLUMINA,Illumina HiSeq 2500,PAIRED,RNA-Seq,TRANSCRIPTOMIC,Oligo-dT,,EGAS00001002346,EGA00001326246,2017-03-11 14:01:21+01,2017-03-11 14:01:21+01
EGAX00001495633,,,,200,,ILLUMINA,Illumina HiSeq 2500,PAIRED,RNA-Seq,TRANSCRIPTOMIC,Oligo-dT,,EGAS00001002346,EGA00001326246,2017-03-11 14:01:21+01,2017-03-11 14:01:21+01
EGAX00001495634,,,,200,,ILLUMINA,Illumina HiSeq 2500,PAIRED,RNA-Seq,TRANSCRIPTOMIC,Oligo-dT,,EGAS00001002346,EGA00001326246,2017-03-11 14:01:21+01,2017-03-11 14:01:21+01
EGAX00001495635,,,,200,,ILLUMINA,Illumina HiSeq 2500,PAIRED,Targeted-Capture,GENOMIC,Hybrid Selection,,EGAS00001002346,EGA00001326246,2017-03-11 14:01:21+01,2017-03-11 14:01:21+01
EGAX00001495636,,,,200,,ILLUMINA,Illumina HiSeq 2500,PAIRED,RNA-Seq,TRANSCRIPTOMIC,Oligo-dT,,EGAS00001002346,EGA00001326246,2017-03-11 14:01:21+01,2017-03-11 14:01:21+01
EGAX00001495637,,,,200,,ILLUMINA,Illumina HiSeq 2500,PAIRED,Targeted-Capture,GENOMIC,Hybrid Selection,,EGAS00001002346,EGA00001326246,2017-03-11 14:01:21+01,2017-03-11 14:01:21+01
EGAX00001495638,,,,200,,ILLUMINA,Illumina HiSeq 2500,PAIRED,RNA-Seq,TRANSCRIPTOMIC,Oligo-dT,,EGAS00001002346,EGA00001326246,2017-03-11 14:01:21+01,2017-03-11 14:01:21+01
EGAX00001495639,,,,200,,ILLUMINA,Illumina HiSeq 2500,PAIRED,Targeted-Capture,GENOMIC,Hybrid Selection,,EGAS00001002346,EGA00001326246,2017-03-11 14:01:21+01,2017-03-11 14:01:21+01
EGAX00001495640,,,,200,,ILLUMINA,Illumina HiSeq 2500,PAIRED,RNA-Seq,TRANSCRIPTOMIC,Oligo-dT,,EGAS00001002346,EGA00001326246,2017-03-11 14:01:21+01,2017-03-11 14:01:21+01
EGAX00001495641,,,,200,,ILLUMINA,Illumina HiSeq 2500,PAIRED,Targeted-Capture,GENOMIC,Hybrid Selection,,EGAS00001002346,EGA00001326246,2017-03-11 14:01:21+01,2017-03-11 14:01:21+01
EGAX00001495642,,,,200,,ILLUMINA,Illumina HiSeq 2500,PAIRED,RNA-Seq,TRANSCRIPTOMIC,Oligo-dT,,EGAS00001002346,EGA00001326246,2017-03-11 14:01:21+01,2017-03-11 14:01:21+01
EGAX00001495643,,,,200,,ILLUMINA,Illumina HiSeq 2500,PAIRED,Targeted-Capture,GENOMIC,Hybrid Selection,,EGAS00001002346,EGA00001326246,2017-03-11 14:01:21+01,2017-03-11 14:01:21+01
EGAX00001495644,,,,200,,ILLUMINA,Illumina HiSeq 2500,PAIRED,RNA-Seq,TRANSCRIPTOMIC,Oligo-dT,,EGAS00001002346,EGA00001326246,2017-03-11 14:01:21+01,2017-03-11 14:01:21+01
EGAX00001495645,,,,200,,ILLUMINA,Illumina HiSeq 2500,PAIRED,RNA-Seq,TRANSCRIPTOMIC,Oligo-dT,,EGAS00001002346,EGA00001326246,2017-03-11 14:01:21+01,2017-03-11 14:01:21+01
EGAX00001495646,,,,200,,ILLUMINA,Illumina HiSeq 2500,PAIRED,Targeted-Capture,GENOMIC,Hybrid Selection,,EGAS00001002346,EGA00001326246,2017-03-11 14:01:21+01,2017-03-11 14:01:21+01
EGAX00001495648,,,,200,,ILLUMINA,Illumina HiSeq 2500,PAIRED,RNA-Seq,TRANSCRIPTOMIC,Oligo-dT,,EGAS00001002346,EGA00001326246,2017-03-11 14:01:21+01,2017-03-11 14:01:21+01
EGAX00001495649,,,,200,,ILLUMINA,Illumina HiSeq 2500,PAIRED,Targeted-Capture,GENOMIC,Hybrid Selection,,EGAS00001002346,EGA00001326246,2017-03-11 14:01:21+01,2017-03-11 14:01:21+01
EGAX00001495650,,,,200,,ILLUMINA,Illumina HiSeq 2500,PAIRED,RNA-Seq,TRANSCRIPTOMIC,Oligo-dT,,EGAS00001002346,EGA00001326246,2017-03-11 14:01:21+01,2017-03-11 14:01:21+01
EGAX00001495651,,,,200,,ILLUMINA,Illumina HiSeq 2500,PAIRED,Targeted-Capture,GENOMIC,Hybrid Selection,,EGAS00001002346,EGA00001326246,2017-03-11 14:01:21+01,2017-03-11 14:01:21+01
EGAX00001495653,,,,200,,ILLUMINA,Illumina HiSeq 2500,PAIRED,RNA-Seq,TRANSCRIPTOMIC,Oligo-dT,,EGAS00001002346,EGA00001326246,2017-03-11 14:01:21+01,2017-03-11 14:01:21+01
EGAX00001495654,,,,200,,ILLUMINA,Illumina HiSeq 2500,PAIRED,Targeted-Capture,GENOMIC,Hybrid Selection,,EGAS00001002346,EGA00001326246,2017-03-11 14:01:21+01,2017-03-11 14:01:21+01
EGAX00001495656,,,,200,,ILLUMINA,Illumina HiSeq 2500,PAIRED,Targeted-Capture,GENOMIC,Hybrid Selection,,EGAS00001002346,EGA00001326246,2017-03-11 14:01:21+01,2017-03-11 14:01:21+01
EGAX00001495658,,,,200,,ILLUMINA,Illumina HiSeq 2500,PAIRED,Targeted-Capture,GENOMIC,Hybrid Selection,,EGAS00001002346,EGA00001326246,2017-03-11 14:01:21+01,2017-03-11 14:01:21+01
EGAX00001495660,,,,200,,ILLUMINA,Illumina HiSeq 2500,PAIRED,Targeted-Capture,GENOMIC,Hybrid Selection,,EGAS00001002346,EGA00001326246,2017-03-11 14:01:21+01,2017-03-11 14:01:21+01
EGAX00001495661,,,,200,,ILLUMINA,Illumina HiSeq 2500,PAIRED,RNA-Seq,TRANSCRIPTOMIC,Oligo-dT,,EGAS00001002346,EGA00001326246,2017-03-11 14:01:21+01,2017-03-11 14:01:21+01
EGAX00001495662,,,,200,,ILLUMINA,Illumina HiSeq 2500,PAIRED,Targeted-Capture,GENOMIC,Hybrid Selection,,EGAS00001002346,EGA00001326246,2017-03-11 14:01:21+01,2017-03-11 14:01:21+01
EGAX00001495664,,,,200,,ILLUMINA,Illumina HiSeq 2500,PAIRED,Targeted-Capture,GENOMIC,Hybrid Selection,,EGAS00001002346,EGA00001326246,2017-03-11 14:01:22+01,2017-03-11 14:01:22+01
EGAX00001495665,,,,200,,ILLUMINA,Illumina HiSeq 2500,PAIRED,RNA-Seq,TRANSCRIPTOMIC,Oligo-dT,,EGAS00001002346,EGA00001326246,2017-03-11 14:01:22+01,2017-03-11 14:01:22+01
EGAX00001495667,,,,200,,ILLUMINA,Illumina HiSeq 2500,PAIRED,RNA-Seq,TRANSCRIPTOMIC,Oligo-dT,,EGAS00001002346,EGA00001326246,2017-03-11 14:01:22+01,2017-03-11 14:01:22+01
EGAX00001495668,,,,200,,ILLUMINA,Illumina HiSeq 2500,PAIRED,Targeted-Capture,GENOMIC,Hybrid Selection,,EGAS00001002346,EGA00001326246,2017-03-11 14:01:22+01,2017-03-11 14:01:22+01
EGAX00001495670,,,,200,,ILLUMINA,Illumina HiSeq 2500,PAIRED,Targeted-Capture,GENOMIC,Hybrid Selection,,EGAS00001002346,EGA00001326246,2017-03-11 14:01:22+01,2017-03-11 14:01:22+01
EGAX00001495672,,,,200,,ILLUMINA,Illumina HiSeq 2500,PAIRED,Targeted-Capture,GENOMIC,Hybrid Selection,,EGAS00001002346,EGA00001326246,2017-03-11 14:01:22+01,2017-03-11 14:01:22+01
EGAX00001495673,,,,200,,ILLUMINA,Illumina HiSeq 2500,PAIRED,RNA-Seq,TRANSCRIPTOMIC,Oligo-dT,,EGAS00001002346,EGA00001326246,2017-03-11 14:01:22+01,2017-03-11 14:01:22+01
EGAX00001495674,,,,200,,ILLUMINA,Illumina HiSeq 2500,PAIRED,Targeted-Capture,GENOMIC,Hybrid Selection,,EGAS00001002346,EGA00001326246,2017-03-11 14:01:22+01,2017-03-11 14:01:22+01
EGAX00001495676,,,,200,,ILLUMINA,Illumina HiSeq 2500,PAIRED,Targeted-Capture,GENOMIC,Hybrid Selection,,EGAS00001002346,EGA00001326246,2017-03-11 14:01:22+01,2017-03-11 14:01:22+01
EGAX00001495678,,,,200,,ILLUMINA,Illumina HiSeq 2500,PAIRED,RNA-Seq,TRANSCRIPTOMIC,Oligo-dT,,EGAS00001002346,EGA00001326246,2017-03-11 14:01:22+01,2017-03-11 14:01:22+01
EGAX00001495679,,,,200,,ILLUMINA,Illumina HiSeq 2500,PAIRED,Targeted-Capture,GENOMIC,Hybrid Selection,,EGAS00001002346,EGA00001326246,2017-03-11 14:01:22+01,2017-03-11 14:01:22+01
EGAX00001495680,,,,200,,ILLUMINA,Illumina HiSeq 2500,PAIRED,RNA-Seq,TRANSCRIPTOMIC,Oligo-dT,,EGAS00001002346,EGA00001326246,2017-03-11 14:01:22+01,2017-03-11 14:01:22+01
EGAX00001495681,,,,200,,ILLUMINA,Illumina HiSeq 2500,PAIRED,Targeted-Capture,GENOMIC,Hybrid Selection,,EGAS00001002346,EGA00001326246,2017-03-11 14:01:22+01,2017-03-11 14:01:22+01
EGAX00001495683,,,,200,,ILLUMINA,Illumina HiSeq 2500,PAIRED,Targeted-Capture,GENOMIC,Hybrid Selection,,EGAS00001002346,EGA00001326246,2017-03-11 14:01:22+01,2017-03-11 14:01:22+01
EGAX00001495685,,,,200,,ILLUMINA,Illumina HiSeq 2500,PAIRED,RNA-Seq,TRANSCRIPTOMIC,Oligo-dT,,EGAS00001002346,EGA00001326246,2017-03-11 14:01:22+01,2017-03-11 14:01:22+01
EGAX00001495686,,,,200,,ILLUMINA,Illumina HiSeq 2500,PAIRED,Targeted-Capture,GENOMIC,Hybrid Selection,,EGAS00001002346,EGA00001326246,2017-03-11 14:01:22+01,2017-03-11 14:01:22+01
EGAX00001495688,,,,200,,ILLUMINA,Illumina HiSeq 2500,PAIRED,Targeted-Capture,GENOMIC,Hybrid Selection,,EGAS00001002346,EGA00001326246,2017-03-11 14:01:22+01,2017-03-11 14:01:22+01
EGAX00001495690,,,,200,,ILLUMINA,Illumina HiSeq 2500,PAIRED,Targeted-Capture,GENOMIC,Hybrid Selection,,EGAS00001002346,EGA00001326246,2017-03-11 14:01:22+01,2017-03-11 14:01:22+01
EGAX00001495691,,,,200,,ILLUMINA,Illumina HiSeq 2500,PAIRED,RNA-Seq,TRANSCRIPTOMIC,Oligo-dT,,EGAS00001002346,EGA00001326246,2017-03-11 14:01:22+01,2017-03-11 14:01:22+01
EGAX00001495692,,,,200,,ILLUMINA,Illumina HiSeq 2500,PAIRED,Targeted-Capture,GENOMIC,Hybrid Selection,,EGAS00001002346,EGA00001326246,2017-03-11 14:01:22+01,2017-03-11 14:01:22+01
EGAX00001495693,,,,200,,ILLUMINA,Illumina HiSeq 2500,PAIRED,RNA-Seq,TRANSCRIPTOMIC,Oligo-dT,,EGAS00001002346,EGA00001326246,2017-03-11 14:01:22+01,2017-03-11 14:01:22+01
EGAX00001495694,,,,200,,ILLUMINA,Illumina HiSeq 2500,PAIRED,Targeted-Capture,GENOMIC,Hybrid Selection,,EGAS00001002346,EGA00001326246,2017-03-11 14:01:22+01,2017-03-11 14:01:22+01
EGAX00001495695,,,,200,,ILLUMINA,Illumina HiSeq 2500,PAIRED,RNA-Seq,TRANSCRIPTOMIC,Oligo-dT,,EGAS00001002346,EGA00001326246,2017-03-11 14:01:22+01,2017-03-11 14:01:22+01
EGAX00001495696,,,,200,,ILLUMINA,Illumina HiSeq 2500,PAIRED,Targeted-Capture,GENOMIC,Hybrid Selection,,EGAS00001002346,EGA00001326246,2017-03-11 14:01:22+01,2017-03-11 14:01:22+01
EGAX00001495697,,,,200,,ILLUMINA,Illumina HiSeq 2500,PAIRED,RNA-Seq,TRANSCRIPTOMIC,Oligo-dT,,EGAS00001002346,EGA00001326246,2017-03-11 14:01:22+01,2017-03-11 14:01:22+01
EGAX00001495698,,,,200,,ILLUMINA,Illumina HiSeq 2500,PAIRED,Targeted-Capture,GENOMIC,Hybrid Selection,,EGAS00001002346,EGA00001326246,2017-03-11 14:01:22+01,2017-03-11 14:01:22+01
EGAX00001495699,,,,200,,ILLUMINA,Illumina HiSeq 2500,PAIRED,RNA-Seq,TRANSCRIPTOMIC,Oligo-dT,,EGAS00001002346,EGA00001326246,2017-03-11 14:01:22+01,2017-03-11 14:01:22+01
EGAX00001495700,,,,200,,ILLUMINA,Illumina HiSeq 2500,PAIRED,RNA-Seq,TRANSCRIPTOMIC,Oligo-dT,,EGAS00001002346,EGA00001326246,2017-03-11 14:01:22+01,2017-03-11 14:01:22+01
EGAX00001495701,,,,200,,ILLUMINA,Illumina HiSeq 2500,PAIRED,Targeted-Capture,GENOMIC,Hybrid Selection,,EGAS00001002346,EGA00001326246,2017-03-11 14:01:22+01,2017-03-11 14:01:22+01
EGAX00001495702,,,,200,,ILLUMINA,Illumina HiSeq 2500,PAIRED,RNA-Seq,TRANSCRIPTOMIC,Oligo-dT,,EGAS00001002346,EGA00001326246,2017-03-11 14:01:22+01,2017-03-11 14:01:22+01
EGAX00001495703,,,,200,,ILLUMINA,Illumina HiSeq 2500,PAIRED,RNA-Seq,TRANSCRIPTOMIC,Oligo-dT,,EGAS00001002346,EGA00001326246,2017-03-11 14:01:22+01,2017-03-11 14:01:22+01
EGAX00001495704,,,,200,,ILLUMINA,Illumina HiSeq 2500,PAIRED,Targeted-Capture,GENOMIC,Hybrid Selection,,EGAS00001002346,EGA00001326246,2017-03-11 14:01:22+01,2017-03-11 14:01:22+01
EGAX00001495705,,,,200,,ILLUMINA,Illumina HiSeq 2500,PAIRED,RNA-Seq,TRANSCRIPTOMIC,Oligo-dT,,EGAS00001002346,EGA00001326246,2017-03-11 14:01:22+01,2017-03-11 14:01:22+01
EGAX00001495706,,,,200,,ILLUMINA,Illumina HiSeq 2500,PAIRED,RNA-Seq,TRANSCRIPTOMIC,Oligo-dT,,EGAS00001002346,EGA00001326246,2017-03-11 14:01:22+01,2017-03-11 14:01:22+01
EGAX00001495707,,,,200,,ILLUMINA,Illumina HiSeq 2500,PAIRED,RNA-Seq,TRANSCRIPTOMIC,Oligo-dT,,EGAS00001002346,EGA00001326246,2017-03-11 14:01:22+01,2017-03-11 14:01:22+01
EGAX00001495708,,,,200,,ILLUMINA,Illumina HiSeq 2500,PAIRED,RNA-Seq,TRANSCRIPTOMIC,Oligo-dT,,EGAS00001002346,EGA00001326246,2017-03-11 14:01:22+01,2017-03-11 14:01:22+01
EGAX00001495709,,,,200,,ILLUMINA,Illumina HiSeq 2500,PAIRED,RNA-Seq,TRANSCRIPTOMIC,Oligo-dT,,EGAS00001002346,EGA00001326246,2017-03-11 14:01:22+01,2017-03-11 14:01:22+01
EGAX00001495710,,,,200,,ILLUMINA,Illumina HiSeq 2500,PAIRED,Targeted-Capture,GENOMIC,Hybrid Selection,,EGAS00001002346,EGA00001326246,2017-03-11 14:01:22+01,2017-03-11 14:01:22+01
EGAX00001495711,,,,200,,ILLUMINA,Illumina HiSeq 2500,PAIRED,RNA-Seq,TRANSCRIPTOMIC,Oligo-dT,,EGAS00001002346,EGA00001326246,2017-03-11 14:01:22+01,2017-03-11 14:01:22+01
EGAX00001495712,,,,200,,ILLUMINA,Illumina HiSeq 2500,PAIRED,Targeted-Capture,GENOMIC,Hybrid Selection,,EGAS00001002346,EGA00001326246,2017-03-11 14:01:22+01,2017-03-11 14:01:22+01
EGAX00001495713,,,,200,,ILLUMINA,Illumina HiSeq 2500,PAIRED,RNA-Seq,TRANSCRIPTOMIC,Oligo-dT,,EGAS00001002346,EGA00001326246,2017-03-11 14:01:22+01,2017-03-11 14:01:22+01
EGAX00001495714,,,,200,,ILLUMINA,Illumina HiSeq 2500,PAIRED,RNA-Seq,TRANSCRIPTOMIC,Oligo-dT,,EGAS00001002346,EGA00001326246,2017-03-11 14:01:22+01,2017-03-11 14:01:22+01
EGAX00001495715,,,,200,,ILLUMINA,Illumina HiSeq 2500,PAIRED,Targeted-Capture,GENOMIC,Hybrid Selection,,EGAS00001002346,EGA00001326246,2017-03-11 14:01:22+01,2017-03-11 14:01:22+01
EGAX00001495716,,,,200,,ILLUMINA,Illumina HiSeq 2500,PAIRED,RNA-Seq,TRANSCRIPTOMIC,Oligo-dT,,EGAS00001002346,EGA00001326246,2017-03-11 14:01:22+01,2017-03-11 14:01:22+01
EGAX00001495717,,,,200,,ILLUMINA,Illumina HiSeq 2500,PAIRED,RNA-Seq,TRANSCRIPTOMIC,Oligo-dT,,EGAS00001002346,EGA00001326246,2017-03-11 14:01:22+01,2017-03-11 14:01:22+01
EGAX00001495718,,,,200,,ILLUMINA,Illumina HiSeq 2500,PAIRED,Targeted-Capture,GENOMIC,Hybrid Selection,,EGAS00001002346,EGA00001326246,2017-03-11 14:01:22+01,2017-03-11 14:01:22+01
EGAX00001495719,,,,200,,ILLUMINA,Illumina HiSeq 2500,PAIRED,RNA-Seq,TRANSCRIPTOMIC,Oligo-dT,,EGAS00001002346,EGA00001326246,2017-03-11 14:01:22+01,2017-03-11 14:01:22+01
EGAX00001495720,,,,200,,ILLUMINA,Illumina HiSeq 2500,PAIRED,Targeted-Capture,GENOMIC,Hybrid Selection,,EGAS00001002346,EGA00001326246,2017-03-11 14:01:22+01,2017-03-11 14:01:22+01
EGAX00001495721,,,,200,,ILLUMINA,Illumina HiSeq 2500,PAIRED,RNA-Seq,TRANSCRIPTOMIC,Oligo-dT,,EGAS00001002346,EGA00001326246,2017-03-11 14:01:22+01,2017-03-11 14:01:22+01
EGAX00001495722,,,,200,,ILLUMINA,Illumina HiSeq 2500,PAIRED,Targeted-Capture,GENOMIC,Hybrid Selection,,EGAS00001002346,EGA00001326246,2017-03-11 14:01:22+01,2017-03-11 14:01:22+01
EGAX00001495723,,,,200,,ILLUMINA,Illumina HiSeq 2500,PAIRED,RNA-Seq,TRANSCRIPTOMIC,Oligo-dT,,EGAS00001002346,EGA00001326246,2017-03-11 14:01:22+01,2017-03-11 14:01:22+01
EGAX00001495724,,,,200,,ILLUMINA,Illumina HiSeq 2500,PAIRED,Targeted-Capture,GENOMIC,Hybrid Selection,,EGAS00001002346,EGA00001326246,2017-03-11 14:01:22+01,2017-03-11 14:01:22+01
EGAX00001495725,,,,200,,ILLUMINA,Illumina HiSeq 2500,PAIRED,RNA-Seq,TRANSCRIPTOMIC,Oligo-dT,,EGAS00001002346,EGA00001326246,2017-03-11 14:01:22+01,2017-03-11 14:01:22+01
EGAX00001495726,,,,200,,ILLUMINA,Illumina HiSeq 2500,PAIRED,RNA-Seq,TRANSCRIPTOMIC,Oligo-dT,,EGAS00001002346,EGA00001326246,2017-03-11 14:01:23+01,2017-03-11 14:01:23+01
EGAX00001495727,,,,200,,ILLUMINA,Illumina HiSeq 2500,PAIRED,Targeted-Capture,GENOMIC,Hybrid Selection,,EGAS00001002346,EGA00001326246,2017-03-11 14:01:23+01,2017-03-11 14:01:23+01
EGAX00001495728,,,,200,,ILLUMINA,Illumina HiSeq 2500,PAIRED,RNA-Seq,TRANSCRIPTOMIC,Oligo-dT,,EGAS00001002346,EGA00001326246,2017-03-11 14:01:23+01,2017-03-11 14:01:23+01
EGAX00001495729,,,,200,,ILLUMINA,Illumina HiSeq 2500,PAIRED,Targeted-Capture,GENOMIC,Hybrid Selection,,EGAS00001002346,EGA00001326246,2017-03-11 14:01:23+01,2017-03-11 14:01:23+01
EGAX00001495730,,,,200,,ILLUMINA,Illumina HiSeq 2500,PAIRED,RNA-Seq,TRANSCRIPTOMIC,Oligo-dT,,EGAS00001002346,EGA00001326246,2017-03-11 14:01:23+01,2017-03-11 14:01:23+01
EGAX00001495731,,,,200,,ILLUMINA,Illumina HiSeq 2500,PAIRED,Targeted-Capture,GENOMIC,Hybrid Selection,,EGAS00001002346,EGA00001326246,2017-03-11 14:01:23+01,2017-03-11 14:01:23+01
EGAX00001495732,,,,200,,ILLUMINA,Illumina HiSeq 2500,PAIRED,RNA-Seq,TRANSCRIPTOMIC,Oligo-dT,,EGAS00001002346,EGA00001326246,2017-03-11 14:01:23+01,2017-03-11 14:01:23+01
EGAX00001495733,,,,200,,ILLUMINA,Illumina HiSeq 2500,PAIRED,RNA-Seq,TRANSCRIPTOMIC,Oligo-dT,,EGAS00001002346,EGA00001326246,2017-03-11 14:01:23+01,2017-03-11 14:01:23+01
EGAX00001495734,,,,200,,ILLUMINA,Illumina HiSeq 2500,PAIRED,Targeted-Capture,GENOMIC,Hybrid Selection,,EGAS00001002346,EGA00001326246,2017-03-11 14:01:23+01,2017-03-11 14:01:23+01
EGAX00001495735,,,,200,,ILLUMINA,Illumina HiSeq 2500,PAIRED,RNA-Seq,TRANSCRIPTOMIC,Oligo-dT,,EGAS00001002346,EGA00001326246,2017-03-11 14:01:23+01,2017-03-11 14:01:23+01
EGAX00001495736,,,,200,,ILLUMINA,Illumina HiSeq 2500,PAIRED,Targeted-Capture,GENOMIC,Hybrid Selection,,EGAS00001002346,EGA00001326246,2017-03-11 14:01:23+01,2017-03-11 14:01:23+01
EGAX00001495737,,,,200,,ILLUMINA,Illumina HiSeq 2500,PAIRED,RNA-Seq,TRANSCRIPTOMIC,Oligo-dT,,EGAS00001002346,EGA00001326246,2017-03-11 14:01:23+01,2017-03-11 14:01:23+01
EGAX00001495738,,,,200,,ILLUMINA,Illumina HiSeq 2500,PAIRED,Targeted-Capture,GENOMIC,Hybrid Selection,,EGAS00001002346,EGA00001326246,2017-03-11 14:01:23+01,2017-03-11 14:01:23+01
EGAX00001495739,,,,200,,ILLUMINA,Illumina HiSeq 2500,PAIRED,RNA-Seq,TRANSCRIPTOMIC,Oligo-dT,,EGAS00001002346,EGA00001326246,2017-03-11 14:01:23+01,2017-03-11 14:01:23+01
EGAX00001495740,,,,200,,ILLUMINA,Illumina HiSeq 2500,PAIRED,Targeted-Capture,GENOMIC,Hybrid Selection,,EGAS00001002346,EGA00001326246,2017-03-11 14:01:23+01,2017-03-11 14:01:23+01
EGAX00001495741,,,,200,,ILLUMINA,Illumina HiSeq 2500,PAIRED,RNA-Seq,TRANSCRIPTOMIC,Oligo-dT,,EGAS00001002346,EGA00001326246,2017-03-11 14:01:23+01,2017-03-11 14:01:23+01
EGAX00001495742,,,,200,,ILLUMINA,Illumina HiSeq 2500,PAIRED,Targeted-Capture,GENOMIC,Hybrid Selection,,EGAS00001002346,EGA00001326246,2017-03-11 14:01:23+01,2017-03-11 14:01:23+01
EGAX00001495743,,,,200,,ILLUMINA,Illumina HiSeq 2500,PAIRED,RNA-Seq,TRANSCRIPTOMIC,Oligo-dT,,EGAS00001002346,EGA00001326246,2017-03-11 14:01:23+01,2017-03-11 14:01:23+01
EGAX00001495744,,,,200,,ILLUMINA,Illumina HiSeq 2500,PAIRED,Targeted-Capture,GENOMIC,Hybrid Selection,,EGAS00001002346,EGA00001326246,2017-03-11 14:01:23+01,2017-03-11 14:01:23+01
EGAX00001495745,,,,200,,ILLUMINA,Illumina HiSeq 2500,PAIRED,RNA-Seq,TRANSCRIPTOMIC,Oligo-dT,,EGAS00001002346,EGA00001326246,2017-03-11 14:01:23+01,2017-03-11 14:01:23+01
EGAX00001495746,,,,200,,ILLUMINA,Illumina HiSeq 2500,PAIRED,Targeted-Capture,GENOMIC,Hybrid Selection,,EGAS00001002346,EGA00001326246,2017-03-11 14:01:23+01,2017-03-11 14:01:23+01
EGAX00001495747,,,,200,,ILLUMINA,Illumina HiSeq 2500,PAIRED,RNA-Seq,TRANSCRIPTOMIC,Oligo-dT,,EGAS00001002346,EGA00001326246,2017-03-11 14:01:23+01,2017-03-11 14:01:23+01
EGAX00001495748,,,,200,,ILLUMINA,Illumina HiSeq 2500,PAIRED,RNA-Seq,TRANSCRIPTOMIC,Oligo-dT,,EGAS00001002346,EGA00001326246,2017-03-11 14:01:23+01,2017-03-11 14:01:23+01
EGAX00001495749,,,,200,,ILLUMINA,Illumina HiSeq 2500,PAIRED,Targeted-Capture,GENOMIC,Hybrid Selection,,EGAS00001002346,EGA00001326246,2017-03-11 14:01:23+01,2017-03-11 14:01:23+01
EGAX00001495750,,,,200,,ILLUMINA,Illumina HiSeq 2500,PAIRED,RNA-Seq,TRANSCRIPTOMIC,Oligo-dT,,EGAS00001002346,EGA00001326246,2017-03-11 14:01:23+01,2017-03-11 14:01:23+01
EGAX00001495751,,,,200,,ILLUMINA,Illumina HiSeq 2500,PAIRED,RNA-Seq,TRANSCRIPTOMIC,Oligo-dT,,EGAS00001002346,EGA00001326246,2017-03-11 14:01:23+01,2017-03-11 14:01:23+01
EGAX00001495752,,,,200,,ILLUMINA,Illumina HiSeq 2500,PAIRED,Targeted-Capture,GENOMIC,Hybrid Selection,,EGAS00001002346,EGA00001326246,2017-03-11 14:01:23+01,2017-03-11 14:01:23+01
EGAX00001495753,,,,200,,ILLUMINA,Illumina HiSeq 2500,PAIRED,RNA-Seq,TRANSCRIPTOMIC,Oligo-dT,,EGAS00001002346,EGA00001326246,2017-03-11 14:01:23+01,2017-03-11 14:01:23+01
EGAX00001495754,,,,200,,ILLUMINA,Illumina HiSeq 2500,PAIRED,RNA-Seq,TRANSCRIPTOMIC,Oligo-dT,,EGAS00001002346,EGA00001326246,2017-03-11 14:01:23+01,2017-03-11 14:01:23+01
EGAX00001495755,,,,200,,ILLUMINA,Illumina HiSeq 2500,PAIRED,RNA-Seq,TRANSCRIPTOMIC,Oligo-dT,,EGAS00001002346,EGA00001326246,2017-03-11 14:01:23+01,2017-03-11 14:01:23+01
EGAX00001495756,,,,200,,ILLUMINA,Illumina HiSeq 2500,PAIRED,RNA-Seq,TRANSCRIPTOMIC,Oligo-dT,,EGAS00001002346,EGA00001326246,2017-03-11 14:01:23+01,2017-03-11 14:01:23+01
EGAX00001495757,,,,200,,ILLUMINA,Illumina HiSeq 2500,PAIRED,RNA-Seq,TRANSCRIPTOMIC,Oligo-dT,,EGAS00001002346,EGA00001326246,2017-03-11 14:01:23+01,2017-03-11 14:01:23+01
EGAX00001495758,,,,200,,ILLUMINA,Illumina HiSeq 2500,PAIRED,Targeted-Capture,GENOMIC,Hybrid Selection,,EGAS00001002346,EGA00001326246,2017-03-11 14:01:23+01,2017-03-11 14:01:23+01
EGAX00001495759,,,,200,,ILLUMINA,Illumina HiSeq 2500,PAIRED,RNA-Seq,TRANSCRIPTOMIC,Oligo-dT,,EGAS00001002346,EGA00001326246,2017-03-11 14:01:23+01,2017-03-11 14:01:23+01
EGAX00001495760,,,,200,,ILLUMINA,Illumina HiSeq 2500,PAIRED,Targeted-Capture,GENOMIC,Hybrid Selection,,EGAS00001002346,EGA00001326246,2017-03-11 14:01:23+01,2017-03-11 14:01:23+01
EGAX00001495761,,,,200,,ILLUMINA,Illumina HiSeq 2500,PAIRED,RNA-Seq,TRANSCRIPTOMIC,Oligo-dT,,EGAS00001002346,EGA00001326246,2017-03-11 14:01:23+01,2017-03-11 14:01:23+01
EGAX00001495762,,,,200,,ILLUMINA,Illumina HiSeq 2500,PAIRED,Targeted-Capture,GENOMIC,Hybrid Selection,,EGAS00001002346,EGA00001326246,2017-03-11 14:01:23+01,2017-03-11 14:01:23+01
EGAX00001495763,,,,200,,ILLUMINA,Illumina HiSeq 2500,PAIRED,RNA-Seq,TRANSCRIPTOMIC,Oligo-dT,,EGAS00001002346,EGA00001326246,2017-03-11 14:01:23+01,2017-03-11 14:01:23+01
EGAX00001495764,,,,200,,ILLUMINA,Illumina HiSeq 2500,PAIRED,Targeted-Capture,GENOMIC,Hybrid Selection,,EGAS00001002346,EGA00001326246,2017-03-11 14:01:23+01,2017-03-11 14:01:23+01
EGAX00001495765,,,,200,,ILLUMINA,Illumina HiSeq 2500,PAIRED,RNA-Seq,TRANSCRIPTOMIC,Oligo-dT,,EGAS00001002346,EGA00001326246,2017-03-11 14:01:23+01,2017-03-11 14:01:23+01
EGAX00001495766,,,,200,,ILLUMINA,Illumina HiSeq 2500,PAIRED,Targeted-Capture,GENOMIC,Hybrid Selection,,EGAS00001002346,EGA00001326246,2017-03-11 14:01:23+01,2017-03-11 14:01:23+01
EGAX00001495767,,,,200,,ILLUMINA,Illumina HiSeq 2500,PAIRED,RNA-Seq,TRANSCRIPTOMIC,Oligo-dT,,EGAS00001002346,EGA00001326246,2017-03-11 14:01:23+01,2017-03-11 14:01:23+01
EGAX00001495768,,,,200,,ILLUMINA,Illumina HiSeq 2500,PAIRED,Targeted-Capture,GENOMIC,Hybrid Selection,,EGAS00001002346,EGA00001326246,2017-03-11 14:01:23+01,2017-03-11 14:01:23+01
EGAX00001495769,,,,200,,ILLUMINA,Illumina HiSeq 2500,PAIRED,RNA-Seq,TRANSCRIPTOMIC,Oligo-dT,,EGAS00001002346,EGA00001326246,2017-03-11 14:01:23+01,2017-03-11 14:01:23+01
EGAX00001495770,,,,200,,ILLUMINA,Illumina HiSeq 2500,PAIRED,Targeted-Capture,GENOMIC,Hybrid Selection,,EGAS00001002346,EGA00001326246,2017-03-11 14:01:23+01,2017-03-11 14:01:23+01
EGAX00001495771,,,,200,,ILLUMINA,Illumina HiSeq 2500,PAIRED,RNA-Seq,TRANSCRIPTOMIC,Oligo-dT,,EGAS00001002346,EGA00001326246,2017-03-11 14:01:23+01,2017-03-11 14:01:23+01
EGAX00001495772,,,,200,,ILLUMINA,Illumina HiSeq 2500,PAIRED,Targeted-Capture,GENOMIC,Hybrid Selection,,EGAS00001002346,EGA00001326246,2017-03-11 14:01:23+01,2017-03-11 14:01:23+01
EGAX00001495773,,,,200,,ILLUMINA,Illumina HiSeq 2500,PAIRED,RNA-Seq,TRANSCRIPTOMIC,Oligo-dT,,EGAS00001002346,EGA00001326246,2017-03-11 14:01:23+01,2017-03-11 14:01:23+01
EGAX00001495774,,,,200,,ILLUMINA,Illumina HiSeq 2500,PAIRED,Targeted-Capture,GENOMIC,Hybrid Selection,,EGAS00001002346,EGA00001326246,2017-03-11 14:01:23+01,2017-03-11 14:01:23+01
EGAX00001495775,,,,200,,ILLUMINA,Illumina HiSeq 2500,PAIRED,RNA-Seq,TRANSCRIPTOMIC,Oligo-dT,,EGAS00001002346,EGA00001326246,2017-03-11 14:01:23+01,2017-03-11 14:01:23+01
EGAX00001495776,,,,200,,ILLUMINA,Illumina HiSeq 2500,PAIRED,Targeted-Capture,GENOMIC,Hybrid Selection,,EGAS00001002346,EGA00001326246,2017-03-11 14:01:23+01,2017-03-11 14:01:23+01
EGAX00001495777,,,,200,,ILLUMINA,Illumina HiSeq 2500,PAIRED,RNA-Seq,TRANSCRIPTOMIC,Oligo-dT,,EGAS00001002346,EGA00001326246,2017-03-11 14:01:23+01,2017-03-11 14:01:23+01
EGAX00001495778,,,,200,,ILLUMINA,Illumina HiSeq 2500,PAIRED,Targeted-Capture,GENOMIC,Hybrid Selection,,EGAS00001002346,EGA00001326246,2017-03-11 14:01:23+01,2017-03-11 14:01:23+01
EGAX00001495779,,,,200,,ILLUMINA,Illumina HiSeq 2500,PAIRED,RNA-Seq,TRANSCRIPTOMIC,Oligo-dT,,EGAS00001002346,EGA00001326246,2017-03-11 14:01:23+01,2017-03-11 14:01:23+01
EGAX00001495780,,,,200,,ILLUMINA,Illumina HiSeq 2500,PAIRED,Targeted-Capture,GENOMIC,Hybrid Selection,,EGAS00001002346,EGA00001326246,2017-03-11 14:01:23+01,2017-03-11 14:01:23+01
EGAX00001495781,,,,200,,ILLUMINA,Illumina HiSeq 2500,PAIRED,RNA-Seq,TRANSCRIPTOMIC,Oligo-dT,,EGAS00001002346,EGA00001326246,2017-03-11 14:01:23+01,2017-03-11 14:01:23+01
EGAX00001495782,,,,200,,ILLUMINA,Illumina HiSeq 2500,PAIRED,RNA-Seq,TRANSCRIPTOMIC,Oligo-dT,,EGAS00001002346,EGA00001326246,2017-03-11 14:01:23+01,2017-03-11 14:01:23+01
EGAX00001495783,,,,200,,ILLUMINA,Illumina HiSeq 2500,PAIRED,Targeted-Capture,GENOMIC,Hybrid Selection,,EGAS00001002346,EGA00001326246,2017-03-11 14:01:23+01,2017-03-11 14:01:23+01
EGAX00001495784,,,,200,,ILLUMINA,Illumina HiSeq 2500,PAIRED,RNA-Seq,TRANSCRIPTOMIC,Oligo-dT,,EGAS00001002346,EGA00001326246,2017-03-11 14:01:23+01,2017-03-11 14:01:23+01
EGAX00001495785,,,,200,,ILLUMINA,Illumina HiSeq 2500,PAIRED,RNA-Seq,TRANSCRIPTOMIC,Oligo-dT,,EGAS00001002346,EGA00001326246,2017-03-11 14:01:23+01,2017-03-11 14:01:23+01
EGAX00001495786,,,,200,,ILLUMINA,Illumina HiSeq 2500,PAIRED,RNA-Seq,TRANSCRIPTOMIC,Oligo-dT,,EGAS00001002346,EGA00001326246,2017-03-11 14:01:23+01,2017-03-11 14:01:23+01
EGAX00001495787,,,,200,,ILLUMINA,Illumina HiSeq 2500,PAIRED,Targeted-Capture,GENOMIC,Hybrid Selection,,EGAS00001002346,EGA00001326246,2017-03-11 14:01:23+01,2017-03-11 14:01:23+01
EGAX00001495788,,,,200,,ILLUMINA,Illumina HiSeq 2500,PAIRED,RNA-Seq,TRANSCRIPTOMIC,Oligo-dT,,EGAS00001002346,EGA00001326246,2017-03-11 14:01:23+01,2017-03-11 14:01:23+01
EGAX00001495789,,,,200,,ILLUMINA,Illumina HiSeq 2500,PAIRED,Targeted-Capture,GENOMIC,Hybrid Selection,,EGAS00001002346,EGA00001326246,2017-03-11 14:01:23+01,2017-03-11 14:01:23+01
EGAX00001495790,,,,200,,ILLUMINA,Illumina HiSeq 2500,PAIRED,RNA-Seq,TRANSCRIPTOMIC,Oligo-dT,,EGAS00001002346,EGA00001326246,2017-03-11 14:01:23+01,2017-03-11 14:01:23+01
EGAX00001495791,,,,200,,ILLUMINA,Illumina HiSeq 2500,PAIRED,Targeted-Capture,GENOMIC,Hybrid Selection,,EGAS00001002346,EGA00001326246,2017-03-11 14:01:23+01,2017-03-11 14:01:23+01
EGAX00001495792,,,,200,,ILLUMINA,Illumina HiSeq 2500,PAIRED,RNA-Seq,TRANSCRIPTOMIC,Oligo-dT,,EGAS00001002346,EGA00001326246,2017-03-11 14:01:23+01,2017-03-11 14:01:23+01
EGAX00001495793,,,,200,,ILLUMINA,Illumina HiSeq 2500,PAIRED,RNA-Seq,TRANSCRIPTOMIC,Oligo-dT,,EGAS00001002346,EGA00001326246,2017-03-11 14:01:23+01,2017-03-11 14:01:23+01
EGAX00001495794,,,,200,,ILLUMINA,Illumina HiSeq 2500,PAIRED,RNA-Seq,TRANSCRIPTOMIC,Oligo-dT,,EGAS00001002346,EGA00001326246,2017-03-11 14:01:23+01,2017-03-11 14:01:23+01
EGAX00001495795,,,,200,,ILLUMINA,Illumina HiSeq 2500,PAIRED,RNA-Seq,TRANSCRIPTOMIC,Oligo-dT,,EGAS00001002346,EGA00001326246,2017-03-11 14:01:23+01,2017-03-11 14:01:23+01
EGAX00001495796,,,,200,,ILLUMINA,Illumina HiSeq 2500,PAIRED,Targeted-Capture,GENOMIC,Hybrid Selection,,EGAS00001002346,EGA00001326246,2017-03-11 14:01:23+01,2017-03-11 14:01:23+01
EGAX00001495797,,,,200,,ILLUMINA,Illumina HiSeq 2500,PAIRED,RNA-Seq,TRANSCRIPTOMIC,Oligo-dT,,EGAS00001002346,EGA00001326246,2017-03-11 14:01:23+01,2017-03-11 14:01:23+01
EGAX00001495798,,,,200,,ILLUMINA,Illumina HiSeq 2500,PAIRED,Targeted-Capture,GENOMIC,Hybrid Selection,,EGAS00001002346,EGA00001326246,2017-03-11 14:01:23+01,2017-03-11 14:01:23+01
EGAX00001495799,,,,200,,ILLUMINA,Illumina HiSeq 2500,PAIRED,RNA-Seq,TRANSCRIPTOMIC,Oligo-dT,,EGAS00001002346,EGA00001326246,2017-03-11 14:01:23+01,2017-03-11 14:01:23+01
EGAX00001495800,,,,200,,ILLUMINA,Illumina HiSeq 2500,PAIRED,Targeted-Capture,GENOMIC,Hybrid Selection,,EGAS00001002346,EGA00001326246,2017-03-11 14:01:23+01,2017-03-11 14:01:23+01
EGAX00001495801,,,,200,,ILLUMINA,Illumina HiSeq 2500,PAIRED,RNA-Seq,TRANSCRIPTOMIC,Oligo-dT,,EGAS00001002346,EGA00001326246,2017-03-11 14:01:23+01,2017-03-11 14:01:23+01
EGAX00001495802,,,,200,,ILLUMINA,Illumina HiSeq 2500,PAIRED,RNA-Seq,TRANSCRIPTOMIC,Oligo-dT,,EGAS00001002346,EGA00001326246,2017-03-11 14:01:24+01,2017-03-11 14:01:24+01
EGAX00001495803,,,,200,,ILLUMINA,Illumina HiSeq 2500,PAIRED,RNA-Seq,TRANSCRIPTOMIC,Oligo-dT,,EGAS00001002346,EGA00001326246,2017-03-11 14:01:24+01,2017-03-11 14:01:24+01
EGAX00001495804,,,,200,,ILLUMINA,Illumina HiSeq 2500,PAIRED,Targeted-Capture,GENOMIC,Hybrid Selection,,EGAS00001002346,EGA00001326246,2017-03-11 14:01:24+01,2017-03-11 14:01:24+01
EGAX00001495805,,,,200,,ILLUMINA,Illumina HiSeq 2500,PAIRED,RNA-Seq,TRANSCRIPTOMIC,Oligo-dT,,EGAS00001002346,EGA00001326246,2017-03-11 14:01:24+01,2017-03-11 14:01:24+01
EGAX00001495806,,,,200,,ILLUMINA,Illumina HiSeq 2500,PAIRED,RNA-Seq,TRANSCRIPTOMIC,Oligo-dT,,EGAS00001002346,EGA00001326246,2017-03-11 14:01:24+01,2017-03-11 14:01:24+01
EGAX00001495807,,,,200,,ILLUMINA,Illumina HiSeq 2500,PAIRED,Targeted-Capture,GENOMIC,Hybrid Selection,,EGAS00001002346,EGA00001326246,2017-03-11 14:01:24+01,2017-03-11 14:01:24+01
EGAX00001495808,,,,200,,ILLUMINA,Illumina HiSeq 2500,PAIRED,RNA-Seq,TRANSCRIPTOMIC,Oligo-dT,,EGAS00001002346,EGA00001326246,2017-03-11 14:01:24+01,2017-03-11 14:01:24+01
EGAX00001495809,,,,200,,ILLUMINA,Illumina HiSeq 2500,PAIRED,Targeted-Capture,GENOMIC,Hybrid Selection,,EGAS00001002346,EGA00001326246,2017-03-11 14:01:24+01,2017-03-11 14:01:24+01
EGAX00001495810,,,,200,,ILLUMINA,Illumina HiSeq 2500,PAIRED,RNA-Seq,TRANSCRIPTOMIC,Oligo-dT,,EGAS00001002346,EGA00001326246,2017-03-11 14:01:24+01,2017-03-11 14:01:24+01
EGAX00001495811,,,,200,,ILLUMINA,Illumina HiSeq 2500,PAIRED,Targeted-Capture,GENOMIC,Hybrid Selection,,EGAS00001002346,EGA00001326246,2017-03-11 14:01:24+01,2017-03-11 14:01:24+01
EGAX00001495812,,,,200,,ILLUMINA,Illumina HiSeq 2500,PAIRED,RNA-Seq,TRANSCRIPTOMIC,Oligo-dT,,EGAS00001002346,EGA00001326246,2017-03-11 14:01:24+01,2017-03-11 14:01:24+01
EGAX00001495813,,,,200,,ILLUMINA,Illumina HiSeq 2500,PAIRED,Targeted-Capture,GENOMIC,Hybrid Selection,,EGAS00001002346,EGA00001326246,2017-03-11 14:01:24+01,2017-03-11 14:01:24+01
EGAX00001495814,,,,200,,ILLUMINA,Illumina HiSeq 2500,PAIRED,RNA-Seq,TRANSCRIPTOMIC,Oligo-dT,,EGAS00001002346,EGA00001326246,2017-03-11 14:01:24+01,2017-03-11 14:01:24+01
EGAX00001495815,,,,200,,ILLUMINA,Illumina HiSeq 2500,PAIRED,RNA-Seq,TRANSCRIPTOMIC,Oligo-dT,,EGAS00001002346,EGA00001326246,2017-03-11 14:01:24+01,2017-03-11 14:01:24+01
EGAX00001495816,,,,200,,ILLUMINA,Illumina HiSeq 2500,PAIRED,RNA-Seq,TRANSCRIPTOMIC,Oligo-dT,,EGAS00001002346,EGA00001326246,2017-03-11 14:01:24+01,2017-03-11 14:01:24+01
EGAX00001495817,,,,200,,ILLUMINA,Illumina HiSeq 2500,PAIRED,Targeted-Capture,GENOMIC,Hybrid Selection,,EGAS00001002346,EGA00001326246,2017-03-11 14:01:24+01,2017-03-11 14:01:24+01
EGAX00001495818,,,,200,,ILLUMINA,Illumina HiSeq 2500,PAIRED,RNA-Seq,TRANSCRIPTOMIC,Oligo-dT,,EGAS00001002346,EGA00001326246,2017-03-11 14:01:24+01,2017-03-11 14:01:24+01
EGAX00001495819,,,,200,,ILLUMINA,Illumina HiSeq 2500,PAIRED,Targeted-Capture,GENOMIC,Hybrid Selection,,EGAS00001002346,EGA00001326246,2017-03-11 14:01:24+01,2017-03-11 14:01:24+01
EGAX00001495820,,,,200,,ILLUMINA,Illumina HiSeq 2500,PAIRED,RNA-Seq,TRANSCRIPTOMIC,Oligo-dT,,EGAS00001002346,EGA00001326246,2017-03-11 14:01:24+01,2017-03-11 14:01:24+01
EGAX00001495821,,,,200,,ILLUMINA,Illumina HiSeq 2500,PAIRED,RNA-Seq,TRANSCRIPTOMIC,Oligo-dT,,EGAS00001002346,EGA00001326246,2017-03-11 14:01:24+01,2017-03-11 14:01:24+01
EGAX00001495822,,,,200,,ILLUMINA,Illumina HiSeq 2500,PAIRED,Targeted-Capture,GENOMIC,Hybrid Selection,,EGAS00001002346,EGA00001326246,2017-03-11 14:01:24+01,2017-03-11 14:01:24+01
EGAX00001495823,,,,200,,ILLUMINA,Illumina HiSeq 2500,PAIRED,RNA-Seq,TRANSCRIPTOMIC,Oligo-dT,,EGAS00001002346,EGA00001326246,2017-03-11 14:01:24+01,2017-03-11 14:01:24+01
EGAX00001495824,,,,200,,ILLUMINA,Illumina HiSeq 2500,PAIRED,Targeted-Capture,GENOMIC,Hybrid Selection,,EGAS00001002346,EGA00001326246,2017-03-11 14:01:24+01,2017-03-11 14:01:24+01
EGAX00001495825,,,,200,,ILLUMINA,Illumina HiSeq 2500,PAIRED,RNA-Seq,TRANSCRIPTOMIC,Oligo-dT,,EGAS00001002346,EGA00001326246,2017-03-11 14:01:24+01,2017-03-11 14:01:24+01
EGAX00001495826,,,,200,,ILLUMINA,Illumina HiSeq 2500,PAIRED,Targeted-Capture,GENOMIC,Hybrid Selection,,EGAS00001002346,EGA00001326246,2017-03-11 14:01:24+01,2017-03-11 14:01:24+01
EGAX00001495827,,,,200,,ILLUMINA,Illumina HiSeq 2500,PAIRED,RNA-Seq,TRANSCRIPTOMIC,Oligo-dT,,EGAS00001002346,EGA00001326246,2017-03-11 14:01:24+01,2017-03-11 14:01:24+01
EGAX00001495828,,,,200,,ILLUMINA,Illumina HiSeq 2500,PAIRED,RNA-Seq,TRANSCRIPTOMIC,Oligo-dT,,EGAS00001002346,EGA00001326246,2017-03-11 14:01:24+01,2017-03-11 14:01:24+01
EGAX00001495829,,,,200,,ILLUMINA,Illumina HiSeq 2500,PAIRED,Targeted-Capture,GENOMIC,Hybrid Selection,,EGAS00001002346,EGA00001326246,2017-03-11 14:01:24+01,2017-03-11 14:01:24+01
EGAX00001495830,,,,200,,ILLUMINA,Illumina HiSeq 2500,PAIRED,RNA-Seq,TRANSCRIPTOMIC,Oligo-dT,,EGAS00001002346,EGA00001326246,2017-03-11 14:01:24+01,2017-03-11 14:01:24+01
EGAX00001495831,,,,200,,ILLUMINA,Illumina HiSeq 2500,PAIRED,RNA-Seq,TRANSCRIPTOMIC,Oligo-dT,,EGAS00001002346,EGA00001326246,2017-03-11 14:01:24+01,2017-03-11 14:01:24+01
EGAX00001495832,,,,200,,ILLUMINA,Illumina HiSeq 2500,PAIRED,RNA-Seq,TRANSCRIPTOMIC,Oligo-dT,,EGAS00001002346,EGA00001326246,2017-03-11 14:01:24+01,2017-03-11 14:01:24+01
EGAX00001495833,,,,200,,ILLUMINA,Illumina HiSeq 2500,PAIRED,Targeted-Capture,GENOMIC,Hybrid Selection,,EGAS00001002346,EGA00001326246,2017-03-11 14:01:24+01,2017-03-11 14:01:24+01
EGAX00001495834,,,,200,,ILLUMINA,Illumina HiSeq 2500,PAIRED,RNA-Seq,TRANSCRIPTOMIC,Oligo-dT,,EGAS00001002346,EGA00001326246,2017-03-11 14:01:24+01,2017-03-11 14:01:24+01
EGAX00001495835,,,,200,,ILLUMINA,Illumina HiSeq 2500,PAIRED,Targeted-Capture,GENOMIC,Hybrid Selection,,EGAS00001002346,EGA00001326246,2017-03-11 14:01:24+01,2017-03-11 14:01:24+01
EGAX00001495836,,,,200,,ILLUMINA,Illumina HiSeq 2500,PAIRED,RNA-Seq,TRANSCRIPTOMIC,Oligo-dT,,EGAS00001002346,EGA00001326246,2017-03-11 14:01:24+01,2017-03-11 14:01:24+01
EGAX00001495837,,,,200,,ILLUMINA,Illumina HiSeq 2500,PAIRED,Targeted-Capture,GENOMIC,Hybrid Selection,,EGAS00001002346,EGA00001326246,2017-03-11 14:01:24+01,2017-03-11 14:01:24+01
EGAX00001495838,,,,200,,ILLUMINA,Illumina HiSeq 2500,PAIRED,RNA-Seq,TRANSCRIPTOMIC,Oligo-dT,,EGAS00001002346,EGA00001326246,2017-03-11 14:01:24+01,2017-03-11 14:01:24+01
EGAX00001495839,,,,200,,ILLUMINA,Illumina HiSeq 2500,PAIRED,Targeted-Capture,GENOMIC,Hybrid Selection,,EGAS00001002346,EGA00001326246,2017-03-11 14:01:24+01,2017-03-11 14:01:24+01
EGAX00001495840,,,,200,,ILLUMINA,Illumina HiSeq 2500,PAIRED,RNA-Seq,TRANSCRIPTOMIC,Oligo-dT,,EGAS00001002346,EGA00001326246,2017-03-11 14:01:24+01,2017-03-11 14:01:24+01
EGAX00001495841,,,,200,,ILLUMINA,Illumina HiSeq 2500,PAIRED,Targeted-Capture,GENOMIC,Hybrid Selection,,EGAS00001002346,EGA00001326246,2017-03-11 14:01:24+01,2017-03-11 14:01:24+01
EGAX00001495842,,,,200,,ILLUMINA,Illumina HiSeq 2500,PAIRED,RNA-Seq,TRANSCRIPTOMIC,Oligo-dT,,EGAS00001002346,EGA00001326246,2017-03-11 14:01:24+01,2017-03-11 14:01:24+01
EGAX00001495843,,,,200,,ILLUMINA,Illumina HiSeq 2500,PAIRED,Targeted-Capture,GENOMIC,Hybrid Selection,,EGAS00001002346,EGA00001326246,2017-03-11 14:01:24+01,2017-03-11 14:01:24+01
EGAX00001495844,,,,200,,ILLUMINA,Illumina HiSeq 2500,PAIRED,RNA-Seq,TRANSCRIPTOMIC,Oligo-dT,,EGAS00001002346,EGA00001326246,2017-03-11 14:01:24+01,2017-03-11 14:01:24+01
EGAX00001495845,,,,200,,ILLUMINA,Illumina HiSeq 2500,PAIRED,Targeted-Capture,GENOMIC,Hybrid Selection,,EGAS00001002346,EGA00001326246,2017-03-11 14:01:24+01,2017-03-11 14:01:24+01
EGAX00001495846,,,,200,,ILLUMINA,Illumina HiSeq 2500,PAIRED,RNA-Seq,TRANSCRIPTOMIC,Oligo-dT,,EGAS00001002346,EGA00001326246,2017-03-11 14:01:24+01,2017-03-11 14:01:24+01
EGAX00001495847,,,,200,,ILLUMINA,Illumina HiSeq 2500,PAIRED,RNA-Seq,TRANSCRIPTOMIC,Oligo-dT,,EGAS00001002346,EGA00001326246,2017-03-11 14:01:24+01,2017-03-11 14:01:24+01
EGAX00001495848,,,,200,,ILLUMINA,Illumina HiSeq 2500,PAIRED,Targeted-Capture,GENOMIC,Hybrid Selection,,EGAS00001002346,EGA00001326246,2017-03-11 14:01:24+01,2017-03-11 14:01:24+01
EGAX00001495849,,,,200,,ILLUMINA,Illumina HiSeq 2500,PAIRED,RNA-Seq,TRANSCRIPTOMIC,Oligo-dT,,EGAS00001002346,EGA00001326246,2017-03-11 14:01:24+01,2017-03-11 14:01:24+01
EGAX00001495850,,,,200,,ILLUMINA,Illumina HiSeq 2500,PAIRED,Targeted-Capture,GENOMIC,Hybrid Selection,,EGAS00001002346,EGA00001326246,2017-03-11 14:01:24+01,2017-03-11 14:01:24+01
EGAX00001495851,,,,200,,ILLUMINA,Illumina HiSeq 2500,PAIRED,RNA-Seq,TRANSCRIPTOMIC,Oligo-dT,,EGAS00001002346,EGA00001326246,2017-03-11 14:01:24+01,2017-03-11 14:01:24+01
EGAX00001495852,,,,200,,ILLUMINA,Illumina HiSeq 2500,PAIRED,Targeted-Capture,GENOMIC,Hybrid Selection,,EGAS00001002346,EGA00001326246,2017-03-11 14:01:24+01,2017-03-11 14:01:24+01
EGAX00001495853,,,,200,,ILLUMINA,Illumina HiSeq 2500,PAIRED,RNA-Seq,TRANSCRIPTOMIC,Oligo-dT,,EGAS00001002346,EGA00001326246,2017-03-11 14:01:24+01,2017-03-11 14:01:24+01
EGAX00001495854,,,,200,,ILLUMINA,Illumina HiSeq 2500,PAIRED,Targeted-Capture,GENOMIC,Hybrid Selection,,EGAS00001002346,EGA00001326246,2017-03-11 14:01:24+01,2017-03-11 14:01:24+01
EGAX00001495855,,,,200,,ILLUMINA,Illumina HiSeq 2500,PAIRED,RNA-Seq,TRANSCRIPTOMIC,Oligo-dT,,EGAS00001002346,EGA00001326246,2017-03-11 14:01:24+01,2017-03-11 14:01:24+01
EGAX00001495856,,,,200,,ILLUMINA,Illumina HiSeq 2500,PAIRED,RNA-Seq,TRANSCRIPTOMIC,Oligo-dT,,EGAS00001002346,EGA00001326246,2017-03-11 14:01:24+01,2017-03-11 14:01:24+01
EGAX00001495857,,,,200,,ILLUMINA,Illumina HiSeq 2500,PAIRED,RNA-Seq,TRANSCRIPTOMIC,Oligo-dT,,EGAS00001002346,EGA00001326246,2017-03-11 14:01:24+01,2017-03-11 14:01:24+01
EGAX00001495858,,,,200,,ILLUMINA,Illumina HiSeq 2500,PAIRED,RNA-Seq,TRANSCRIPTOMIC,Oligo-dT,,EGAS00001002346,EGA00001326246,2017-03-11 14:01:24+01,2017-03-11 14:01:24+01
EGAX00001495859,,,,200,,ILLUMINA,Illumina HiSeq 2500,PAIRED,RNA-Seq,TRANSCRIPTOMIC,Oligo-dT,,EGAS00001002346,EGA00001326246,2017-03-11 14:01:24+01,2017-03-11 14:01:24+01
EGAX00001495860,,,,200,,ILLUMINA,Illumina HiSeq 2500,PAIRED,RNA-Seq,TRANSCRIPTOMIC,Oligo-dT,,EGAS00001002346,EGA00001326246,2017-03-11 14:01:24+01,2017-03-11 14:01:24+01
EGAX00001495861,,,,200,,ILLUMINA,Illumina HiSeq 2500,PAIRED,RNA-Seq,TRANSCRIPTOMIC,Oligo-dT,,EGAS00001002346,EGA00001326246,2017-03-11 14:01:24+01,2017-03-11 14:01:24+01
EGAX00001495862,,,,200,,ILLUMINA,Illumina HiSeq 2500,PAIRED,Targeted-Capture,GENOMIC,Hybrid Selection,,EGAS00001002346,EGA00001326246,2017-03-11 14:01:24+01,2017-03-11 14:01:24+01
EGAX00001495863,,,,200,,ILLUMINA,Illumina HiSeq 2500,PAIRED,RNA-Seq,TRANSCRIPTOMIC,Oligo-dT,,EGAS00001002346,EGA00001326246,2017-03-11 14:01:24+01,2017-03-11 14:01:24+01
EGAX00001495864,,,,200,,ILLUMINA,Illumina HiSeq 2500,PAIRED,RNA-Seq,TRANSCRIPTOMIC,Oligo-dT,,EGAS00001002346,EGA00001326246,2017-03-11 14:01:24+01,2017-03-11 14:01:24+01
EGAX00001495865,,,,200,,ILLUMINA,Illumina HiSeq 2500,PAIRED,RNA-Seq,TRANSCRIPTOMIC,Oligo-dT,,EGAS00001002346,EGA00001326246,2017-03-11 14:01:24+01,2017-03-11 14:01:24+01
EGAX00001495866,,,,200,,ILLUMINA,Illumina HiSeq 2500,PAIRED,RNA-Seq,TRANSCRIPTOMIC,Oligo-dT,,EGAS00001002346,EGA00001326246,2017-03-11 14:01:24+01,2017-03-11 14:01:24+01
EGAX00001495867,,,,200,,ILLUMINA,Illumina HiSeq 2500,PAIRED,Targeted-Capture,GENOMIC,Hybrid Selection,,EGAS00001002346,EGA00001326246,2017-03-11 14:01:24+01,2017-03-11 14:01:24+01
EGAX00001495868,,,,200,,ILLUMINA,Illumina HiSeq 2500,PAIRED,RNA-Seq,TRANSCRIPTOMIC,Oligo-dT,,EGAS00001002346,EGA00001326246,2017-03-11 14:01:24+01,2017-03-11 14:01:24+01
EGAX00001495869,,,,200,,ILLUMINA,Illumina HiSeq 2500,PAIRED,Targeted-Capture,GENOMIC,Hybrid Selection,,EGAS00001002346,EGA00001326246,2017-03-11 14:01:24+01,2017-03-11 14:01:24+01
EGAX00001495870,,,,200,,ILLUMINA,Illumina HiSeq 2500,PAIRED,RNA-Seq,TRANSCRIPTOMIC,Oligo-dT,,EGAS00001002346,EGA00001326246,2017-03-11 14:01:24+01,2017-03-11 14:01:24+01
EGAX00001495871,,,,200,,ILLUMINA,Illumina HiSeq 2500,PAIRED,RNA-Seq,TRANSCRIPTOMIC,Oligo-dT,,EGAS00001002346,EGA00001326246,2017-03-11 14:01:24+01,2017-03-11 14:01:24+01
EGAX00001495872,,,,200,,ILLUMINA,Illumina HiSeq 2500,PAIRED,Targeted-Capture,GENOMIC,Hybrid Selection,,EGAS00001002346,EGA00001326246,2017-03-11 14:01:24+01,2017-03-11 14:01:24+01
EGAX00001495873,,,,200,,ILLUMINA,Illumina HiSeq 2500,PAIRED,RNA-Seq,TRANSCRIPTOMIC,Oligo-dT,,EGAS00001002346,EGA00001326246,2017-03-11 14:01:24+01,2017-03-11 14:01:24+01
EGAX00001495874,,,,200,,ILLUMINA,Illumina HiSeq 2500,PAIRED,Targeted-Capture,GENOMIC,Hybrid Selection,,EGAS00001002346,EGA00001326246,2017-03-11 14:01:24+01,2017-03-11 14:01:24+01
EGAX00001495875,,,,200,,ILLUMINA,Illumina HiSeq 2500,PAIRED,RNA-Seq,TRANSCRIPTOMIC,Oligo-dT,,EGAS00001002346,EGA00001326246,2017-03-11 14:01:24+01,2017-03-11 14:01:24+01
EGAX00001495876,,,,200,,ILLUMINA,Illumina HiSeq 2500,PAIRED,Targeted-Capture,GENOMIC,Hybrid Selection,,EGAS00001002346,EGA00001326246,2017-03-11 14:01:24+01,2017-03-11 14:01:24+01
EGAX00001495877,,,,200,,ILLUMINA,Illumina HiSeq 2500,PAIRED,RNA-Seq,TRANSCRIPTOMIC,Oligo-dT,,EGAS00001002346,EGA00001326246,2017-03-11 14:01:24+01,2017-03-11 14:01:25+01
EGAX00001495878,,,,200,,ILLUMINA,Illumina HiSeq 2500,PAIRED,RNA-Seq,TRANSCRIPTOMIC,Oligo-dT,,EGAS00001002346,EGA00001326246,2017-03-11 14:01:25+01,2017-03-11 14:01:25+01
EGAX00001495879,,,,200,,ILLUMINA,Illumina HiSeq 2500,PAIRED,Targeted-Capture,GENOMIC,Hybrid Selection,,EGAS00001002346,EGA00001326246,2017-03-11 14:01:25+01,2017-03-11 14:01:25+01
EGAX00001495880,,,,200,,ILLUMINA,Illumina HiSeq 2500,PAIRED,RNA-Seq,TRANSCRIPTOMIC,Oligo-dT,,EGAS00001002346,EGA00001326246,2017-03-11 14:01:25+01,2017-03-11 14:01:25+01
EGAX00001495881,,,,200,,ILLUMINA,Illumina HiSeq 2500,PAIRED,Targeted-Capture,GENOMIC,Hybrid Selection,,EGAS00001002346,EGA00001326246,2017-03-11 14:01:25+01,2017-03-11 14:01:25+01
EGAX00001495882,,,,200,,ILLUMINA,Illumina HiSeq 2500,PAIRED,RNA-Seq,TRANSCRIPTOMIC,Oligo-dT,,EGAS00001002346,EGA00001326246,2017-03-11 14:01:25+01,2017-03-11 14:01:25+01
EGAX00001495883,,,,200,,ILLUMINA,Illumina HiSeq 2500,PAIRED,Targeted-Capture,GENOMIC,Hybrid Selection,,EGAS00001002346,EGA00001326246,2017-03-11 14:01:25+01,2017-03-11 14:01:25+01
EGAX00001495884,,,,200,,ILLUMINA,Illumina HiSeq 2500,PAIRED,RNA-Seq,TRANSCRIPTOMIC,Oligo-dT,,EGAS00001002346,EGA00001326246,2017-03-11 14:01:25+01,2017-03-11 14:01:25+01
EGAX00001495885,,,,200,,ILLUMINA,Illumina HiSeq 2500,PAIRED,RNA-Seq,TRANSCRIPTOMIC,Oligo-dT,,EGAS00001002346,EGA00001326246,2017-03-11 14:01:25+01,2017-03-11 14:01:25+01
EGAX00001495886,,,,200,,ILLUMINA,Illumina HiSeq 2500,PAIRED,Targeted-Capture,GENOMIC,Hybrid Selection,,EGAS00001002346,EGA00001326246,2017-03-11 14:01:25+01,2017-03-11 14:01:25+01
EGAX00001495887,,,,200,,ILLUMINA,Illumina HiSeq 2500,PAIRED,RNA-Seq,TRANSCRIPTOMIC,Oligo-dT,,EGAS00001002346,EGA00001326246,2017-03-11 14:01:25+01,2017-03-11 14:01:25+01
EGAX00001495888,,,,200,,ILLUMINA,Illumina HiSeq 2500,PAIRED,Targeted-Capture,GENOMIC,Hybrid Selection,,EGAS00001002346,EGA00001326246,2017-03-11 14:01:25+01,2017-03-11 14:01:25+01
EGAX00001495889,,,,200,,ILLUMINA,Illumina HiSeq 2500,PAIRED,RNA-Seq,TRANSCRIPTOMIC,Oligo-dT,,EGAS00001002346,EGA00001326246,2017-03-11 14:01:25+01,2017-03-11 14:01:25+01
EGAX00001495890,,,,200,,ILLUMINA,Illumina HiSeq 2500,PAIRED,RNA-Seq,TRANSCRIPTOMIC,Oligo-dT,,EGAS00001002346,EGA00001326246,2017-03-11 14:01:25+01,2017-03-11 14:01:25+01
EGAX00001495891,,,,200,,ILLUMINA,Illumina HiSeq 2500,PAIRED,RNA-Seq,TRANSCRIPTOMIC,Oligo-dT,,EGAS00001002346,EGA00001326246,2017-03-11 14:01:25+01,2017-03-11 14:01:25+01
EGAX00001495892,,,,200,,ILLUMINA,Illumina HiSeq 2500,PAIRED,RNA-Seq,TRANSCRIPTOMIC,Oligo-dT,,EGAS00001002346,EGA00001326246,2017-03-11 14:01:25+01,2017-03-11 14:01:25+01
EGAX00001495893,,,,200,,ILLUMINA,Illumina HiSeq 2500,PAIRED,Targeted-Capture,GENOMIC,Hybrid Selection,,EGAS00001002346,EGA00001326246,2017-03-11 14:01:25+01,2017-03-11 14:01:25+01
EGAX00001495894,,,,200,,ILLUMINA,Illumina HiSeq 2500,PAIRED,RNA-Seq,TRANSCRIPTOMIC,Oligo-dT,,EGAS00001002346,EGA00001326246,2017-03-11 14:01:25+01,2017-03-11 14:01:25+01
EGAX00001495895,,,,200,,ILLUMINA,Illumina HiSeq 2500,PAIRED,Targeted-Capture,GENOMIC,Hybrid Selection,,EGAS00001002346,EGA00001326246,2017-03-11 14:01:25+01,2017-03-11 14:01:25+01
EGAX00001495896,,,,200,,ILLUMINA,Illumina HiSeq 2500,PAIRED,RNA-Seq,TRANSCRIPTOMIC,Oligo-dT,,EGAS00001002346,EGA00001326246,2017-03-11 14:01:25+01,2017-03-11 14:01:25+01
EGAX00001495897,,,,200,,ILLUMINA,Illumina HiSeq 2500,PAIRED,Targeted-Capture,GENOMIC,Hybrid Selection,,EGAS00001002346,EGA00001326246,2017-03-11 14:01:25+01,2017-03-11 14:01:25+01
EGAX00001495898,,,,200,,ILLUMINA,Illumina HiSeq 2500,PAIRED,RNA-Seq,TRANSCRIPTOMIC,Oligo-dT,,EGAS00001002346,EGA00001326246,2017-03-11 14:01:25+01,2017-03-11 14:01:25+01
EGAX00001495899,,,,200,,ILLUMINA,Illumina HiSeq 2500,PAIRED,RNA-Seq,TRANSCRIPTOMIC,Oligo-dT,,EGAS00001002346,EGA00001326246,2017-03-11 14:01:25+01,2017-03-11 14:01:25+01
EGAX00001495900,,,,200,,ILLUMINA,Illumina HiSeq 2500,PAIRED,Targeted-Capture,GENOMIC,Hybrid Selection,,EGAS00001002346,EGA00001326246,2017-03-11 14:01:25+01,2017-03-11 14:01:25+01
EGAX00001495901,,,,200,,ILLUMINA,Illumina HiSeq 2500,PAIRED,RNA-Seq,TRANSCRIPTOMIC,Oligo-dT,,EGAS00001002346,EGA00001326246,2017-03-11 14:01:25+01,2017-03-11 14:01:25+01
EGAX00001495902,,,,200,,ILLUMINA,Illumina HiSeq 2500,PAIRED,RNA-Seq,TRANSCRIPTOMIC,Oligo-dT,,EGAS00001002346,EGA00001326246,2017-03-11 14:01:25+01,2017-03-11 14:01:25+01
EGAX00001495903,,,,200,,ILLUMINA,Illumina HiSeq 2500,PAIRED,Targeted-Capture,GENOMIC,Hybrid Selection,,EGAS00001002346,EGA00001326246,2017-03-11 14:01:25+01,2017-03-11 14:01:25+01
EGAX00001495904,,,,200,,ILLUMINA,Illumina HiSeq 2500,PAIRED,RNA-Seq,TRANSCRIPTOMIC,Oligo-dT,,EGAS00001002346,EGA00001326246,2017-03-11 14:01:25+01,2017-03-11 14:01:25+01
EGAX00001495905,,,,200,,ILLUMINA,Illumina HiSeq 2500,PAIRED,RNA-Seq,TRANSCRIPTOMIC,Oligo-dT,,EGAS00001002346,EGA00001326246,2017-03-11 14:01:25+01,2017-03-11 14:01:25+01
EGAX00001495906,,,,200,,ILLUMINA,Illumina HiSeq 2500,PAIRED,Targeted-Capture,GENOMIC,Hybrid Selection,,EGAS00001002346,EGA00001326246,2017-03-11 14:01:25+01,2017-03-11 14:01:25+01
EGAX00001495907,,,,200,,ILLUMINA,Illumina HiSeq 2500,PAIRED,RNA-Seq,TRANSCRIPTOMIC,Oligo-dT,,EGAS00001002346,EGA00001326246,2017-03-11 14:01:25+01,2017-03-11 14:01:25+01
EGAX00001495908,,,,200,,ILLUMINA,Illumina HiSeq 2500,PAIRED,Targeted-Capture,GENOMIC,Hybrid Selection,,EGAS00001002346,EGA00001326246,2017-03-11 14:01:25+01,2017-03-11 14:01:25+01
EGAX00001495909,,,,200,,ILLUMINA,Illumina HiSeq 2500,PAIRED,RNA-Seq,TRANSCRIPTOMIC,Oligo-dT,,EGAS00001002346,EGA00001326246,2017-03-11 14:01:25+01,2017-03-11 14:01:25+01
EGAX00001495910,,,,200,,ILLUMINA,Illumina HiSeq 2500,PAIRED,Targeted-Capture,GENOMIC,Hybrid Selection,,EGAS00001002346,EGA00001326246,2017-03-11 14:01:25+01,2017-03-11 14:01:25+01
EGAX00001495911,,,,200,,ILLUMINA,Illumina HiSeq 2500,PAIRED,RNA-Seq,TRANSCRIPTOMIC,Oligo-dT,,EGAS00001002346,EGA00001326246,2017-03-11 14:01:25+01,2017-03-11 14:01:25+01
EGAX00001495912,,,,200,,ILLUMINA,Illumina HiSeq 2500,PAIRED,Targeted-Capture,GENOMIC,Hybrid Selection,,EGAS00001002346,EGA00001326246,2017-03-11 14:01:25+01,2017-03-11 14:01:25+01
EGAX00001495913,,,,200,,ILLUMINA,Illumina HiSeq 2500,PAIRED,RNA-Seq,TRANSCRIPTOMIC,Oligo-dT,,EGAS00001002346,EGA00001326246,2017-03-11 14:01:25+01,2017-03-11 14:01:25+01
EGAX00001495914,,,,200,,ILLUMINA,Illumina HiSeq 2500,PAIRED,RNA-Seq,TRANSCRIPTOMIC,Oligo-dT,,EGAS00001002346,EGA00001326246,2017-03-11 14:01:25+01,2017-03-11 14:01:25+01
EGAX00001495915,,,,200,,ILLUMINA,Illumina HiSeq 2500,PAIRED,Targeted-Capture,GENOMIC,Hybrid Selection,,EGAS00001002346,EGA00001326246,2017-03-11 14:01:25+01,2017-03-11 14:01:25+01
EGAX00001495916,,,,200,,ILLUMINA,Illumina HiSeq 2500,PAIRED,RNA-Seq,TRANSCRIPTOMIC,Oligo-dT,,EGAS00001002346,EGA00001326246,2017-03-11 14:01:25+01,2017-03-11 14:01:25+01
EGAX00001495917,,,,200,,ILLUMINA,Illumina HiSeq 2500,PAIRED,Targeted-Capture,GENOMIC,Hybrid Selection,,EGAS00001002346,EGA00001326246,2017-03-11 14:01:25+01,2017-03-11 14:01:25+01
EGAX00001495918,,,,200,,ILLUMINA,Illumina HiSeq 2500,PAIRED,RNA-Seq,TRANSCRIPTOMIC,Oligo-dT,,EGAS00001002346,EGA00001326246,2017-03-11 14:01:25+01,2017-03-11 14:01:25+01
EGAX00001495919,,,,200,,ILLUMINA,Illumina HiSeq 2500,PAIRED,Targeted-Capture,GENOMIC,Hybrid Selection,,EGAS00001002346,EGA00001326246,2017-03-11 14:01:25+01,2017-03-11 14:01:25+01
EGAX00001495920,,,,200,,ILLUMINA,Illumina HiSeq 2500,PAIRED,RNA-Seq,TRANSCRIPTOMIC,Oligo-dT,,EGAS00001002346,EGA00001326246,2017-03-11 14:01:25+01,2017-03-11 14:01:25+01
EGAX00001495921,,,,200,,ILLUMINA,Illumina HiSeq 2500,PAIRED,Targeted-Capture,GENOMIC,Hybrid Selection,,EGAS00001002346,EGA00001326246,2017-03-11 14:01:25+01,2017-03-11 14:01:25+01
EGAX00001495922,,,,200,,ILLUMINA,Illumina HiSeq 2500,PAIRED,RNA-Seq,TRANSCRIPTOMIC,Oligo-dT,,EGAS00001002346,EGA00001326246,2017-03-11 14:01:25+01,2017-03-11 14:01:25+01
EGAX00001495923,,,,200,,ILLUMINA,Illumina HiSeq 2500,PAIRED,RNA-Seq,TRANSCRIPTOMIC,Oligo-dT,,EGAS00001002346,EGA00001326246,2017-03-11 14:01:25+01,2017-03-11 14:01:25+01
EGAX00001495924,,,,200,,ILLUMINA,Illumina HiSeq 2500,PAIRED,Targeted-Capture,GENOMIC,Hybrid Selection,,EGAS00001002346,EGA00001326246,2017-03-11 14:01:25+01,2017-03-11 14:01:25+01
EGAX00001495925,,,,200,,ILLUMINA,Illumina HiSeq 2500,PAIRED,RNA-Seq,TRANSCRIPTOMIC,Oligo-dT,,EGAS00001002346,EGA00001326246,2017-03-11 14:01:25+01,2017-03-11 14:01:25+01
EGAX00001495926,,,,200,,ILLUMINA,Illumina HiSeq 2500,PAIRED,RNA-Seq,TRANSCRIPTOMIC,Oligo-dT,,EGAS00001002346,EGA00001326246,2017-03-11 14:01:25+01,2017-03-11 14:01:25+01
EGAX00001495927,,,,200,,ILLUMINA,Illumina HiSeq 2500,PAIRED,Targeted-Capture,GENOMIC,Hybrid Selection,,EGAS00001002346,EGA00001326246,2017-03-11 14:01:25+01,2017-03-11 14:01:25+01
EGAX00001495928,,,,200,,ILLUMINA,Illumina HiSeq 2500,PAIRED,RNA-Seq,TRANSCRIPTOMIC,Oligo-dT,,EGAS00001002346,EGA00001326246,2017-03-11 14:01:25+01,2017-03-11 14:01:25+01
EGAX00001495929,,,,200,,ILLUMINA,Illumina HiSeq 2500,PAIRED,Targeted-Capture,GENOMIC,Hybrid Selection,,EGAS00001002346,EGA00001326246,2017-03-11 14:01:25+01,2017-03-11 14:01:25+01
EGAX00001495930,,,,200,,ILLUMINA,Illumina HiSeq 2500,PAIRED,RNA-Seq,TRANSCRIPTOMIC,Oligo-dT,,EGAS00001002346,EGA00001326246,2017-03-11 14:01:25+01,2017-03-11 14:01:25+01
EGAX00001495931,,,,200,,ILLUMINA,Illumina HiSeq 2500,PAIRED,RNA-Seq,TRANSCRIPTOMIC,Oligo-dT,,EGAS00001002346,EGA00001326246,2017-03-11 14:01:25+01,2017-03-11 14:01:25+01
EGAX00001495932,,,,200,,ILLUMINA,Illumina HiSeq 2500,PAIRED,RNA-Seq,TRANSCRIPTOMIC,Oligo-dT,,EGAS00001002346,EGA00001326246,2017-03-11 14:01:25+01,2017-03-11 14:01:25+01
EGAX00001495933,,,,200,,ILLUMINA,Illumina HiSeq 2500,PAIRED,Targeted-Capture,GENOMIC,Hybrid Selection,,EGAS00001002346,EGA00001326246,2017-03-11 14:01:25+01,2017-03-11 14:01:25+01
EGAX00001495934,,,,200,,ILLUMINA,Illumina HiSeq 2500,PAIRED,RNA-Seq,TRANSCRIPTOMIC,Oligo-dT,,EGAS00001002346,EGA00001326246,2017-03-11 14:01:25+01,2017-03-11 14:01:25+01
EGAX00001495935,,,,200,,ILLUMINA,Illumina HiSeq 2500,PAIRED,Targeted-Capture,GENOMIC,Hybrid Selection,,EGAS00001002346,EGA00001326246,2017-03-11 14:01:25+01,2017-03-11 14:01:25+01
EGAX00001495936,,,,200,,ILLUMINA,Illumina HiSeq 2500,PAIRED,RNA-Seq,TRANSCRIPTOMIC,Oligo-dT,,EGAS00001002346,EGA00001326246,2017-03-11 14:01:25+01,2017-03-11 14:01:25+01
EGAX00001495937,,,,200,,ILLUMINA,Illumina HiSeq 2500,PAIRED,Targeted-Capture,GENOMIC,Hybrid Selection,,EGAS00001002346,EGA00001326246,2017-03-11 14:01:25+01,2017-03-11 14:01:25+01
EGAX00001495938,,,,200,,ILLUMINA,Illumina HiSeq 2500,PAIRED,RNA-Seq,TRANSCRIPTOMIC,Oligo-dT,,EGAS00001002346,EGA00001326246,2017-03-11 14:01:25+01,2017-03-11 14:01:25+01
EGAX00001495939,,,,200,,ILLUMINA,Illumina HiSeq 2500,PAIRED,RNA-Seq,TRANSCRIPTOMIC,Oligo-dT,,EGAS00001002346,EGA00001326246,2017-03-11 14:01:25+01,2017-03-11 14:01:25+01
EGAX00001495940,,,,200,,ILLUMINA,Illumina HiSeq 2500,PAIRED,Targeted-Capture,GENOMIC,Hybrid Selection,,EGAS00001002346,EGA00001326246,2017-03-11 14:01:25+01,2017-03-11 14:01:25+01
EGAX00001495941,,,,200,,ILLUMINA,Illumina HiSeq 2500,PAIRED,RNA-Seq,TRANSCRIPTOMIC,Oligo-dT,,EGAS00001002346,EGA00001326246,2017-03-11 14:01:25+01,2017-03-11 14:01:25+01
EGAX00001495942,,,,200,,ILLUMINA,Illumina HiSeq 2500,PAIRED,Targeted-Capture,GENOMIC,Hybrid Selection,,EGAS00001002346,EGA00001326246,2017-03-11 14:01:25+01,2017-03-11 14:01:25+01
EGAX00001495943,,,,200,,ILLUMINA,Illumina HiSeq 2500,PAIRED,RNA-Seq,TRANSCRIPTOMIC,Oligo-dT,,EGAS00001002346,EGA00001326246,2017-03-11 14:01:25+01,2017-03-11 14:01:25+01
EGAX00001495944,,,,200,,ILLUMINA,Illumina HiSeq 2500,PAIRED,Targeted-Capture,GENOMIC,Hybrid Selection,,EGAS00001002346,EGA00001326246,2017-03-11 14:01:25+01,2017-03-11 14:01:25+01
EGAX00001495945,,,,200,,ILLUMINA,Illumina HiSeq 2500,PAIRED,RNA-Seq,TRANSCRIPTOMIC,Oligo-dT,,EGAS00001002346,EGA00001326246,2017-03-11 14:01:25+01,2017-03-11 14:01:25+01
EGAX00001495946,,,,200,,ILLUMINA,Illumina HiSeq 2500,PAIRED,Targeted-Capture,GENOMIC,Hybrid Selection,,EGAS00001002346,EGA00001326246,2017-03-11 14:01:25+01,2017-03-11 14:01:25+01
EGAX00001495947,,,,200,,ILLUMINA,Illumina HiSeq 2500,PAIRED,RNA-Seq,TRANSCRIPTOMIC,Oligo-dT,,EGAS00001002346,EGA00001326246,2017-03-11 14:01:25+01,2017-03-11 14:01:25+01
EGAX00001495948,,,,200,,ILLUMINA,Illumina HiSeq 2500,PAIRED,RNA-Seq,TRANSCRIPTOMIC,Oligo-dT,,EGAS00001002346,EGA00001326246,2017-03-11 14:01:25+01,2017-03-11 14:01:25+01
EGAX00001495949,,,,200,,ILLUMINA,Illumina HiSeq 2500,PAIRED,Targeted-Capture,GENOMIC,Hybrid Selection,,EGAS00001002346,EGA00001326246,2017-03-11 14:01:25+01,2017-03-11 14:01:25+01
EGAX00001495950,,,,200,,ILLUMINA,Illumina HiSeq 2500,PAIRED,RNA-Seq,TRANSCRIPTOMIC,Oligo-dT,,EGAS00001002346,EGA00001326246,2017-03-11 14:01:25+01,2017-03-11 14:01:25+01
EGAX00001495951,,,,200,,ILLUMINA,Illumina HiSeq 2500,PAIRED,Targeted-Capture,GENOMIC,Hybrid Selection,,EGAS00001002346,EGA00001326246,2017-03-11 14:01:25+01,2017-03-11 14:01:25+01
EGAX00001495952,,,,200,,ILLUMINA,Illumina HiSeq 2500,PAIRED,RNA-Seq,TRANSCRIPTOMIC,Oligo-dT,,EGAS00001002346,EGA00001326246,2017-03-11 14:01:25+01,2017-03-11 14:01:25+01
EGAX00001495953,,,,200,,ILLUMINA,Illumina HiSeq 2500,PAIRED,RNA-Seq,TRANSCRIPTOMIC,Oligo-dT,,EGAS00001002346,EGA00001326246,2017-03-11 14:01:26+01,2017-03-11 14:01:26+01
EGAX00001495954,,,,200,,ILLUMINA,Illumina HiSeq 2500,PAIRED,Targeted-Capture,GENOMIC,Hybrid Selection,,EGAS00001002346,EGA00001326246,2017-03-11 14:01:26+01,2017-03-11 14:01:26+01
EGAX00001495955,,,,200,,ILLUMINA,Illumina HiSeq 2500,PAIRED,RNA-Seq,TRANSCRIPTOMIC,Oligo-dT,,EGAS00001002346,EGA00001326246,2017-03-11 14:01:26+01,2017-03-11 14:01:26+01
EGAX00001495956,,,,200,,ILLUMINA,Illumina HiSeq 2500,PAIRED,Targeted-Capture,GENOMIC,Hybrid Selection,,EGAS00001002346,EGA00001326246,2017-03-11 14:01:26+01,2017-03-11 14:01:26+01
EGAX00001495957,,,,200,,ILLUMINA,Illumina HiSeq 2500,PAIRED,RNA-Seq,TRANSCRIPTOMIC,Oligo-dT,,EGAS00001002346,EGA00001326246,2017-03-11 14:01:26+01,2017-03-11 14:01:26+01
EGAX00001495958,,,,200,,ILLUMINA,Illumina HiSeq 2500,PAIRED,Targeted-Capture,GENOMIC,Hybrid Selection,,EGAS00001002346,EGA00001326246,2017-03-11 14:01:26+01,2017-03-11 14:01:26+01
EGAX00001495959,,,,200,,ILLUMINA,Illumina HiSeq 2500,PAIRED,RNA-Seq,TRANSCRIPTOMIC,Oligo-dT,,EGAS00001002346,EGA00001326246,2017-03-11 14:01:26+01,2017-03-11 14:01:26+01
EGAX00001495960,,,,200,,ILLUMINA,Illumina HiSeq 2500,PAIRED,Targeted-Capture,GENOMIC,Hybrid Selection,,EGAS00001002346,EGA00001326246,2017-03-11 14:01:26+01,2017-03-11 14:01:26+01
EGAX00001495961,,,,200,,ILLUMINA,Illumina HiSeq 2500,PAIRED,RNA-Seq,TRANSCRIPTOMIC,Oligo-dT,,EGAS00001002346,EGA00001326246,2017-03-11 14:01:26+01,2017-03-11 14:01:26+01
EGAX00001495962,,,,200,,ILLUMINA,Illumina HiSeq 2500,PAIRED,RNA-Seq,TRANSCRIPTOMIC,Oligo-dT,,EGAS00001002346,EGA00001326246,2017-03-11 14:01:26+01,2017-03-11 14:01:26+01
EGAX00001495963,,,,200,,ILLUMINA,Illumina HiSeq 2500,PAIRED,RNA-Seq,TRANSCRIPTOMIC,Oligo-dT,,EGAS00001002346,EGA00001326246,2017-03-11 14:01:26+01,2017-03-11 14:01:26+01
EGAX00001495964,,,,200,,ILLUMINA,Illumina HiSeq 2500,PAIRED,Targeted-Capture,GENOMIC,Hybrid Selection,,EGAS00001002346,EGA00001326246,2017-03-11 14:01:26+01,2017-03-11 14:01:26+01
EGAX00001495965,,,,200,,ILLUMINA,Illumina HiSeq 2500,PAIRED,RNA-Seq,TRANSCRIPTOMIC,Oligo-dT,,EGAS00001002346,EGA00001326246,2017-03-11 14:01:26+01,2017-03-11 14:01:26+01
EGAX00001495966,,,,200,,ILLUMINA,Illumina HiSeq 2500,PAIRED,RNA-Seq,TRANSCRIPTOMIC,Oligo-dT,,EGAS00001002346,EGA00001326246,2017-03-11 14:01:26+01,2017-03-11 14:01:26+01
EGAX00001495967,,,,200,,ILLUMINA,Illumina HiSeq 2500,PAIRED,Targeted-Capture,GENOMIC,Hybrid Selection,,EGAS00001002346,EGA00001326246,2017-03-11 14:01:26+01,2017-03-11 14:01:26+01
EGAX00001495968,,,,200,,ILLUMINA,Illumina HiSeq 2500,PAIRED,RNA-Seq,TRANSCRIPTOMIC,Oligo-dT,,EGAS00001002346,EGA00001326246,2017-03-11 14:01:26+01,2017-03-11 14:01:26+01
EGAX00001495969,,,,200,,ILLUMINA,Illumina HiSeq 2500,PAIRED,RNA-Seq,TRANSCRIPTOMIC,Oligo-dT,,EGAS00001002346,EGA00001326246,2017-03-11 14:01:26+01,2017-03-11 14:01:26+01
EGAX00001495970,,,,200,,ILLUMINA,Illumina HiSeq 2500,PAIRED,RNA-Seq,TRANSCRIPTOMIC,Oligo-dT,,EGAS00001002346,EGA00001326246,2017-03-11 14:01:26+01,2017-03-11 14:01:26+01
EGAX00001495971,,,,200,,ILLUMINA,Illumina HiSeq 2500,PAIRED,RNA-Seq,TRANSCRIPTOMIC,Oligo-dT,,EGAS00001002346,EGA00001326246,2017-03-11 14:01:26+01,2017-03-11 14:01:26+01
EGAX00001495972,,,,200,,ILLUMINA,Illumina HiSeq 2500,PAIRED,Targeted-Capture,GENOMIC,Hybrid Selection,,EGAS00001002346,EGA00001326246,2017-03-11 14:01:26+01,2017-03-11 14:01:26+01
EGAX00001495973,,,,200,,ILLUMINA,Illumina HiSeq 2500,PAIRED,RNA-Seq,TRANSCRIPTOMIC,Oligo-dT,,EGAS00001002346,EGA00001326246,2017-03-11 14:01:26+01,2017-03-11 14:01:26+01
EGAX00001495974,,,,200,,ILLUMINA,Illumina HiSeq 2500,PAIRED,RNA-Seq,TRANSCRIPTOMIC,Oligo-dT,,EGAS00001002346,EGA00001326246,2017-03-11 14:01:26+01,2017-03-11 14:01:26+01
EGAX00001495975,,,,200,,ILLUMINA,Illumina HiSeq 2500,PAIRED,RNA-Seq,TRANSCRIPTOMIC,Oligo-dT,,EGAS00001002346,EGA00001326246,2017-03-11 14:01:26+01,2017-03-11 14:01:26+01
EGAX00001495976,,,,200,,ILLUMINA,Illumina HiSeq 2500,PAIRED,RNA-Seq,TRANSCRIPTOMIC,Oligo-dT,,EGAS00001002346,EGA00001326246,2017-03-11 14:01:26+01,2017-03-11 14:01:26+01
EGAX00001495977,,,,200,,ILLUMINA,Illumina HiSeq 2500,PAIRED,RNA-Seq,TRANSCRIPTOMIC,Oligo-dT,,EGAS00001002346,EGA00001326246,2017-03-11 14:01:26+01,2017-03-11 14:01:26+01
EGAX00001495978,,,,200,,ILLUMINA,Illumina HiSeq 2500,PAIRED,Targeted-Capture,GENOMIC,Hybrid Selection,,EGAS00001002346,EGA00001326246,2017-03-11 14:01:26+01,2017-03-11 14:01:26+01
EGAX00001495979,,,,200,,ILLUMINA,Illumina HiSeq 2500,PAIRED,RNA-Seq,TRANSCRIPTOMIC,Oligo-dT,,EGAS00001002346,EGA00001326246,2017-03-11 14:01:26+01,2017-03-11 14:01:26+01
EGAX00001495980,,,,200,,ILLUMINA,Illumina HiSeq 2500,PAIRED,RNA-Seq,TRANSCRIPTOMIC,Oligo-dT,,EGAS00001002346,EGA00001326246,2017-03-11 14:01:26+01,2017-03-11 14:01:26+01
EGAX00001495981,,,,200,,ILLUMINA,Illumina HiSeq 2500,PAIRED,RNA-Seq,TRANSCRIPTOMIC,Oligo-dT,,EGAS00001002346,EGA00001326246,2017-03-11 14:01:26+01,2017-03-11 14:01:26+01
EGAX00001495982,,,,200,,ILLUMINA,Illumina HiSeq 2500,PAIRED,Targeted-Capture,GENOMIC,Hybrid Selection,,EGAS00001002346,EGA00001326246,2017-03-11 14:01:26+01,2017-03-11 14:01:26+01
EGAX00001495983,,,,200,,ILLUMINA,Illumina HiSeq 2500,PAIRED,RNA-Seq,TRANSCRIPTOMIC,Oligo-dT,,EGAS00001002346,EGA00001326246,2017-03-11 14:01:26+01,2017-03-11 14:01:26+01
EGAX00001495984,,,,200,,ILLUMINA,Illumina HiSeq 2500,PAIRED,Targeted-Capture,GENOMIC,Hybrid Selection,,EGAS00001002346,EGA00001326246,2017-03-11 14:01:26+01,2017-03-11 14:01:26+01
EGAX00001495985,,,,200,,ILLUMINA,Illumina HiSeq 2500,PAIRED,RNA-Seq,TRANSCRIPTOMIC,Oligo-dT,,EGAS00001002346,EGA00001326246,2017-03-11 14:01:26+01,2017-03-11 14:01:26+01
EGAX00001495986,,,,200,,ILLUMINA,Illumina HiSeq 2500,PAIRED,Targeted-Capture,GENOMIC,Hybrid Selection,,EGAS00001002346,EGA00001326246,2017-03-11 14:01:26+01,2017-03-11 14:01:26+01
EGAX00001495987,,,,200,,ILLUMINA,Illumina HiSeq 2500,PAIRED,RNA-Seq,TRANSCRIPTOMIC,Oligo-dT,,EGAS00001002346,EGA00001326246,2017-03-11 14:01:26+01,2017-03-11 14:01:26+01
EGAX00001495988,,,,200,,ILLUMINA,Illumina HiSeq 2500,PAIRED,Targeted-Capture,GENOMIC,Hybrid Selection,,EGAS00001002346,EGA00001326246,2017-03-11 14:01:26+01,2017-03-11 14:01:26+01
EGAX00001495989,,,,200,,ILLUMINA,Illumina HiSeq 2500,PAIRED,RNA-Seq,TRANSCRIPTOMIC,Oligo-dT,,EGAS00001002346,EGA00001326246,2017-03-11 14:01:26+01,2017-03-11 14:01:26+01
EGAX00001495990,,,,200,,ILLUMINA,Illumina HiSeq 2500,PAIRED,RNA-Seq,TRANSCRIPTOMIC,Oligo-dT,,EGAS00001002346,EGA00001326246,2017-03-11 14:01:26+01,2017-03-11 14:01:26+01
EGAX00001495991,,,,200,,ILLUMINA,Illumina HiSeq 2500,PAIRED,Targeted-Capture,GENOMIC,Hybrid Selection,,EGAS00001002346,EGA00001326246,2017-03-11 14:01:26+01,2017-03-11 14:01:26+01
EGAX00001495992,,,,200,,ILLUMINA,Illumina HiSeq 2500,PAIRED,RNA-Seq,TRANSCRIPTOMIC,Oligo-dT,,EGAS00001002346,EGA00001326246,2017-03-11 14:01:26+01,2017-03-11 14:01:26+01
EGAX00001495993,,,,200,,ILLUMINA,Illumina HiSeq 2500,PAIRED,Targeted-Capture,GENOMIC,Hybrid Selection,,EGAS00001002346,EGA00001326246,2017-03-11 14:01:26+01,2017-03-11 14:01:26+01
EGAX00001495994,,,,200,,ILLUMINA,Illumina HiSeq 2500,PAIRED,RNA-Seq,TRANSCRIPTOMIC,Oligo-dT,,EGAS00001002346,EGA00001326246,2017-03-11 14:01:26+01,2017-03-11 14:01:26+01
EGAX00001495995,,,,200,,ILLUMINA,Illumina HiSeq 2500,PAIRED,Targeted-Capture,GENOMIC,Hybrid Selection,,EGAS00001002346,EGA00001326246,2017-03-11 14:01:26+01,2017-03-11 14:01:26+01
EGAX00001495996,,,,200,,ILLUMINA,Illumina HiSeq 2500,PAIRED,RNA-Seq,TRANSCRIPTOMIC,Oligo-dT,,EGAS00001002346,EGA00001326246,2017-03-11 14:01:26+01,2017-03-11 14:01:26+01
EGAX00001495997,,,,200,,ILLUMINA,Illumina HiSeq 2500,PAIRED,Targeted-Capture,GENOMIC,Hybrid Selection,,EGAS00001002346,EGA00001326246,2017-03-11 14:01:26+01,2017-03-11 14:01:26+01
EGAX00001495998,,,,200,,ILLUMINA,Illumina HiSeq 2500,PAIRED,RNA-Seq,TRANSCRIPTOMIC,Oligo-dT,,EGAS00001002346,EGA00001326246,2017-03-11 14:01:26+01,2017-03-11 14:01:26+01
EGAX00001495999,,,,200,,ILLUMINA,Illumina HiSeq 2500,PAIRED,Targeted-Capture,GENOMIC,Hybrid Selection,,EGAS00001002346,EGA00001326246,2017-03-11 14:01:26+01,2017-03-11 14:01:26+01
EGAX00001496000,,,,200,,ILLUMINA,Illumina HiSeq 2500,PAIRED,RNA-Seq,TRANSCRIPTOMIC,Oligo-dT,,EGAS00001002346,EGA00001326246,2017-03-11 14:01:26+01,2017-03-11 14:01:26+01
EGAX00001496001,,,,200,,ILLUMINA,Illumina HiSeq 2500,PAIRED,Targeted-Capture,GENOMIC,Hybrid Selection,,EGAS00001002346,EGA00001326246,2017-03-11 14:01:26+01,2017-03-11 14:01:26+01
EGAX00001496002,,,,200,,ILLUMINA,Illumina HiSeq 2500,PAIRED,RNA-Seq,TRANSCRIPTOMIC,Oligo-dT,,EGAS00001002346,EGA00001326246,2017-03-11 14:01:26+01,2017-03-11 14:01:26+01
EGAX00001496003,,,,200,,ILLUMINA,Illumina HiSeq 2500,PAIRED,Targeted-Capture,GENOMIC,Hybrid Selection,,EGAS00001002346,EGA00001326246,2017-03-11 14:01:26+01,2017-03-11 14:01:26+01
EGAX00001496004,,,,200,,ILLUMINA,Illumina HiSeq 2500,PAIRED,RNA-Seq,TRANSCRIPTOMIC,Oligo-dT,,EGAS00001002346,EGA00001326246,2017-03-11 14:01:26+01,2017-03-11 14:01:26+01
EGAX00001496005,,,,200,,ILLUMINA,Illumina HiSeq 2500,PAIRED,Targeted-Capture,GENOMIC,Hybrid Selection,,EGAS00001002346,EGA00001326246,2017-03-11 14:01:26+01,2017-03-11 14:01:26+01
EGAX00001496006,,,,200,,ILLUMINA,Illumina HiSeq 2500,PAIRED,RNA-Seq,TRANSCRIPTOMIC,Oligo-dT,,EGAS00001002346,EGA00001326246,2017-03-11 14:01:26+01,2017-03-11 14:01:26+01
EGAX00001496007,,,,200,,ILLUMINA,Illumina HiSeq 2500,PAIRED,Targeted-Capture,GENOMIC,Hybrid Selection,,EGAS00001002346,EGA00001326246,2017-03-11 14:01:26+01,2017-03-11 14:01:26+01
EGAX00001496008,,,,200,,ILLUMINA,Illumina HiSeq 2500,PAIRED,RNA-Seq,TRANSCRIPTOMIC,Oligo-dT,,EGAS00001002346,EGA00001326246,2017-03-11 14:01:26+01,2017-03-11 14:01:26+01
EGAX00001496009,,,,200,,ILLUMINA,Illumina HiSeq 2500,PAIRED,Targeted-Capture,GENOMIC,Hybrid Selection,,EGAS00001002346,EGA00001326246,2017-03-11 14:01:26+01,2017-03-11 14:01:26+01
EGAX00001496010,,,,200,,ILLUMINA,Illumina HiSeq 2500,PAIRED,RNA-Seq,TRANSCRIPTOMIC,Oligo-dT,,EGAS00001002346,EGA00001326246,2017-03-11 14:01:26+01,2017-03-11 14:01:26+01
EGAX00001496011,,,,200,,ILLUMINA,Illumina HiSeq 2500,PAIRED,Targeted-Capture,GENOMIC,Hybrid Selection,,EGAS00001002346,EGA00001326246,2017-03-11 14:01:26+01,2017-03-11 14:01:26+01
EGAX00001496012,,,,200,,ILLUMINA,Illumina HiSeq 2500,PAIRED,RNA-Seq,TRANSCRIPTOMIC,Oligo-dT,,EGAS00001002346,EGA00001326246,2017-03-11 14:01:26+01,2017-03-11 14:01:26+01
EGAX00001496013,,,,200,,ILLUMINA,Illumina HiSeq 2500,PAIRED,RNA-Seq,TRANSCRIPTOMIC,Oligo-dT,,EGAS00001002346,EGA00001326246,2017-03-11 14:01:26+01,2017-03-11 14:01:26+01
EGAX00001496014,,,,200,,ILLUMINA,Illumina HiSeq 2500,PAIRED,Targeted-Capture,GENOMIC,Hybrid Selection,,EGAS00001002346,EGA00001326246,2017-03-11 14:01:26+01,2017-03-11 14:01:26+01
EGAX00001496015,,,,200,,ILLUMINA,Illumina HiSeq 2500,PAIRED,RNA-Seq,TRANSCRIPTOMIC,Oligo-dT,,EGAS00001002346,EGA00001326246,2017-03-11 14:01:26+01,2017-03-11 14:01:26+01
EGAX00001496016,,,,200,,ILLUMINA,Illumina HiSeq 2500,PAIRED,RNA-Seq,TRANSCRIPTOMIC,Oligo-dT,,EGAS00001002346,EGA00001326246,2017-03-11 14:01:26+01,2017-03-11 14:01:26+01
EGAX00001496017,,,,200,,ILLUMINA,Illumina HiSeq 2500,PAIRED,RNA-Seq,TRANSCRIPTOMIC,Oligo-dT,,EGAS00001002346,EGA00001326246,2017-03-11 14:01:26+01,2017-03-11 14:01:26+01
EGAX00001496018,,,,200,,ILLUMINA,Illumina HiSeq 2500,PAIRED,Targeted-Capture,GENOMIC,Hybrid Selection,,EGAS00001002346,EGA00001326246,2017-03-11 14:01:26+01,2017-03-11 14:01:26+01
EGAX00001496019,,,,200,,ILLUMINA,Illumina HiSeq 2500,PAIRED,RNA-Seq,TRANSCRIPTOMIC,Oligo-dT,,EGAS00001002346,EGA00001326246,2017-03-11 14:01:26+01,2017-03-11 14:01:26+01
EGAX00001496020,,,,200,,ILLUMINA,Illumina HiSeq 2500,PAIRED,Targeted-Capture,GENOMIC,Hybrid Selection,,EGAS00001002346,EGA00001326246,2017-03-11 14:01:26+01,2017-03-11 14:01:26+01
EGAX00001496021,,,,200,,ILLUMINA,Illumina HiSeq 2500,PAIRED,RNA-Seq,TRANSCRIPTOMIC,Oligo-dT,,EGAS00001002346,EGA00001326246,2017-03-11 14:01:26+01,2017-03-11 14:01:26+01
EGAX00001496022,,,,200,,ILLUMINA,Illumina HiSeq 2500,PAIRED,RNA-Seq,TRANSCRIPTOMIC,Oligo-dT,,EGAS00001002346,EGA00001326246,2017-03-11 14:01:26+01,2017-03-11 14:01:26+01
EGAX00001496023,,,,200,,ILLUMINA,Illumina HiSeq 2500,PAIRED,RNA-Seq,TRANSCRIPTOMIC,Oligo-dT,,EGAS00001002346,EGA00001326246,2017-03-11 14:01:26+01,2017-03-11 14:01:26+01
EGAX00001496024,,,,200,,ILLUMINA,Illumina HiSeq 2500,PAIRED,RNA-Seq,TRANSCRIPTOMIC,Oligo-dT,,EGAS00001002346,EGA00001326246,2017-03-11 14:01:26+01,2017-03-11 14:01:26+01
EGAX00001496025,,,,200,,ILLUMINA,Illumina HiSeq 2500,PAIRED,Targeted-Capture,GENOMIC,Hybrid Selection,,EGAS00001002346,EGA00001326246,2017-03-11 14:01:26+01,2017-03-11 14:01:26+01
EGAX00001496026,,,,200,,ILLUMINA,Illumina HiSeq 2500,PAIRED,RNA-Seq,TRANSCRIPTOMIC,Oligo-dT,,EGAS00001002346,EGA00001326246,2017-03-11 14:01:26+01,2017-03-11 14:01:26+01
EGAX00001496027,,,,200,,ILLUMINA,Illumina HiSeq 2500,PAIRED,Targeted-Capture,GENOMIC,Hybrid Selection,,EGAS00001002346,EGA00001326246,2017-03-11 14:01:26+01,2017-03-11 14:01:26+01
EGAX00001496028,,,,200,,ILLUMINA,Illumina HiSeq 2500,PAIRED,RNA-Seq,TRANSCRIPTOMIC,Oligo-dT,,EGAS00001002346,EGA00001326246,2017-03-11 14:01:27+01,2017-03-11 14:01:27+01
EGAX00001496029,,,,200,,ILLUMINA,Illumina HiSeq 2500,PAIRED,Targeted-Capture,GENOMIC,Hybrid Selection,,EGAS00001002346,EGA00001326246,2017-03-11 14:01:27+01,2017-03-11 14:01:27+01
EGAX00001496030,,,,200,,ILLUMINA,Illumina HiSeq 2500,PAIRED,RNA-Seq,TRANSCRIPTOMIC,Oligo-dT,,EGAS00001002346,EGA00001326246,2017-03-11 14:01:27+01,2017-03-11 14:01:27+01
EGAX00001496031,,,,200,,ILLUMINA,Illumina HiSeq 2500,PAIRED,RNA-Seq,TRANSCRIPTOMIC,Oligo-dT,,EGAS00001002346,EGA00001326246,2017-03-11 14:01:27+01,2017-03-11 14:01:27+01
EGAX00001496032,,,,200,,ILLUMINA,Illumina HiSeq 2500,PAIRED,Targeted-Capture,GENOMIC,Hybrid Selection,,EGAS00001002346,EGA00001326246,2017-03-11 14:01:27+01,2017-03-11 14:01:27+01
EGAX00001496033,,,,200,,ILLUMINA,Illumina HiSeq 2500,PAIRED,RNA-Seq,TRANSCRIPTOMIC,Oligo-dT,,EGAS00001002346,EGA00001326246,2017-03-11 14:01:27+01,2017-03-11 14:01:27+01
EGAX00001496034,,,,200,,ILLUMINA,Illumina HiSeq 2500,PAIRED,Targeted-Capture,GENOMIC,Hybrid Selection,,EGAS00001002346,EGA00001326246,2017-03-11 14:01:27+01,2017-03-11 14:01:27+01
EGAX00001496035,,,,200,,ILLUMINA,Illumina HiSeq 2500,PAIRED,RNA-Seq,TRANSCRIPTOMIC,Oligo-dT,,EGAS00001002346,EGA00001326246,2017-03-11 14:01:27+01,2017-03-11 14:01:27+01
EGAX00001496036,,,,200,,ILLUMINA,Illumina HiSeq 2500,PAIRED,RNA-Seq,TRANSCRIPTOMIC,Oligo-dT,,EGAS00001002346,EGA00001326246,2017-03-11 14:01:27+01,2017-03-11 14:01:27+01
EGAX00001496037,,,,200,,ILLUMINA,Illumina HiSeq 2500,PAIRED,Targeted-Capture,GENOMIC,Hybrid Selection,,EGAS00001002346,EGA00001326246,2017-03-11 14:01:27+01,2017-03-11 14:01:27+01
EGAX00001496038,,,,200,,ILLUMINA,Illumina HiSeq 2500,PAIRED,RNA-Seq,TRANSCRIPTOMIC,Oligo-dT,,EGAS00001002346,EGA00001326246,2017-03-11 14:01:27+01,2017-03-11 14:01:27+01
EGAX00001496039,,,,200,,ILLUMINA,Illumina HiSeq 2500,PAIRED,Targeted-Capture,GENOMIC,Hybrid Selection,,EGAS00001002346,EGA00001326246,2017-03-11 14:01:27+01,2017-03-11 14:01:27+01
EGAX00001496040,,,,200,,ILLUMINA,Illumina HiSeq 2500,PAIRED,RNA-Seq,TRANSCRIPTOMIC,Oligo-dT,,EGAS00001002346,EGA00001326246,2017-03-11 14:01:27+01,2017-03-11 14:01:27+01
EGAX00001496041,,,,200,,ILLUMINA,Illumina HiSeq 2500,PAIRED,Targeted-Capture,GENOMIC,Hybrid Selection,,EGAS00001002346,EGA00001326246,2017-03-11 14:01:27+01,2017-03-11 14:01:27+01
EGAX00001496042,,,,200,,ILLUMINA,Illumina HiSeq 2500,PAIRED,RNA-Seq,TRANSCRIPTOMIC,Oligo-dT,,EGAS00001002346,EGA00001326246,2017-03-11 14:01:27+01,2017-03-11 14:01:27+01
EGAX00001496043,,,,200,,ILLUMINA,Illumina HiSeq 2500,PAIRED,RNA-Seq,TRANSCRIPTOMIC,Oligo-dT,,EGAS00001002346,EGA00001326246,2017-03-11 14:01:27+01,2017-03-11 14:01:27+01
EGAX00001496044,,,,200,,ILLUMINA,Illumina HiSeq 2500,PAIRED,Targeted-Capture,GENOMIC,Hybrid Selection,,EGAS00001002346,EGA00001326246,2017-03-11 14:01:27+01,2017-03-11 14:01:27+01
EGAX00001496045,,,,200,,ILLUMINA,Illumina HiSeq 2500,PAIRED,RNA-Seq,TRANSCRIPTOMIC,Oligo-dT,,EGAS00001002346,EGA00001326246,2017-03-11 14:01:27+01,2017-03-11 14:01:27+01
EGAX00001496046,,,,200,,ILLUMINA,Illumina HiSeq 2500,PAIRED,RNA-Seq,TRANSCRIPTOMIC,Oligo-dT,,EGAS00001002346,EGA00001326246,2017-03-11 14:01:27+01,2017-03-11 14:01:27+01
EGAX00001496047,,,,200,,ILLUMINA,Illumina HiSeq 2500,PAIRED,Targeted-Capture,GENOMIC,Hybrid Selection,,EGAS00001002346,EGA00001326246,2017-03-11 14:01:27+01,2017-03-11 14:01:27+01
EGAX00001496048,,,,200,,ILLUMINA,Illumina HiSeq 2500,PAIRED,RNA-Seq,TRANSCRIPTOMIC,Oligo-dT,,EGAS00001002346,EGA00001326246,2017-03-11 14:01:27+01,2017-03-11 14:01:27+01
EGAX00001496049,,,,200,,ILLUMINA,Illumina HiSeq 2500,PAIRED,RNA-Seq,TRANSCRIPTOMIC,Oligo-dT,,EGAS00001002346,EGA00001326246,2017-03-11 14:01:27+01,2017-03-11 14:01:27+01
EGAX00001496050,,,,200,,ILLUMINA,Illumina HiSeq 2500,PAIRED,Targeted-Capture,GENOMIC,Hybrid Selection,,EGAS00001002346,EGA00001326246,2017-03-11 14:01:27+01,2017-03-11 14:01:27+01
EGAX00001496051,,,,200,,ILLUMINA,Illumina HiSeq 2500,PAIRED,RNA-Seq,TRANSCRIPTOMIC,Oligo-dT,,EGAS00001002346,EGA00001326246,2017-03-11 14:01:27+01,2017-03-11 14:01:27+01
EGAX00001496052,,,,200,,ILLUMINA,Illumina HiSeq 2500,PAIRED,RNA-Seq,TRANSCRIPTOMIC,Oligo-dT,,EGAS00001002346,EGA00001326246,2017-03-11 14:01:27+01,2017-03-11 14:01:27+01
EGAX00001496053,,,,200,,ILLUMINA,Illumina HiSeq 2500,PAIRED,Targeted-Capture,GENOMIC,Hybrid Selection,,EGAS00001002346,EGA00001326246,2017-03-11 14:01:27+01,2017-03-11 14:01:27+01
EGAX00001496054,,,,200,,ILLUMINA,Illumina HiSeq 2500,PAIRED,RNA-Seq,TRANSCRIPTOMIC,Oligo-dT,,EGAS00001002346,EGA00001326246,2017-03-11 14:01:27+01,2017-03-11 14:01:27+01
EGAX00001496055,,,,200,,ILLUMINA,Illumina HiSeq 2500,PAIRED,Targeted-Capture,GENOMIC,Hybrid Selection,,EGAS00001002346,EGA00001326246,2017-03-11 14:01:27+01,2017-03-11 14:01:27+01
EGAX00001496056,,,,200,,ILLUMINA,Illumina HiSeq 2500,PAIRED,RNA-Seq,TRANSCRIPTOMIC,Oligo-dT,,EGAS00001002346,EGA00001326246,2017-03-11 14:01:27+01,2017-03-11 14:01:27+01
EGAX00001496057,,,,200,,ILLUMINA,Illumina HiSeq 2500,PAIRED,Targeted-Capture,GENOMIC,Hybrid Selection,,EGAS00001002346,EGA00001326246,2017-03-11 14:01:27+01,2017-03-11 14:01:27+01
EGAX00001496058,,,,200,,ILLUMINA,Illumina HiSeq 2500,PAIRED,RNA-Seq,TRANSCRIPTOMIC,Oligo-dT,,EGAS00001002346,EGA00001326246,2017-03-11 14:01:27+01,2017-03-11 14:01:27+01
EGAX00001496059,,,,200,,ILLUMINA,Illumina HiSeq 2500,PAIRED,Targeted-Capture,GENOMIC,Hybrid Selection,,EGAS00001002346,EGA00001326246,2017-03-11 14:01:27+01,2017-03-11 14:01:27+01
EGAX00001496060,,,,200,,ILLUMINA,Illumina HiSeq 2500,PAIRED,RNA-Seq,TRANSCRIPTOMIC,Oligo-dT,,EGAS00001002346,EGA00001326246,2017-03-11 14:01:27+01,2017-03-11 14:01:27+01
EGAX00001496061,,,,200,,ILLUMINA,Illumina HiSeq 2500,PAIRED,Targeted-Capture,GENOMIC,Hybrid Selection,,EGAS00001002346,EGA00001326246,2017-03-11 14:01:27+01,2017-03-11 14:01:27+01
EGAX00001496062,,,,200,,ILLUMINA,Illumina HiSeq 2500,PAIRED,RNA-Seq,TRANSCRIPTOMIC,Oligo-dT,,EGAS00001002346,EGA00001326246,2017-03-11 14:01:27+01,2017-03-11 14:01:27+01
EGAX00001496063,,,,200,,ILLUMINA,Illumina HiSeq 2500,PAIRED,Targeted-Capture,GENOMIC,Hybrid Selection,,EGAS00001002346,EGA00001326246,2017-03-11 14:01:27+01,2017-03-11 14:01:27+01
EGAX00001496064,,,,200,,ILLUMINA,Illumina HiSeq 2500,PAIRED,RNA-Seq,TRANSCRIPTOMIC,Oligo-dT,,EGAS00001002346,EGA00001326246,2017-03-11 14:01:27+01,2017-03-11 14:01:27+01
EGAX00001496065,,,,200,,ILLUMINA,Illumina HiSeq 2500,PAIRED,Targeted-Capture,GENOMIC,Hybrid Selection,,EGAS00001002346,EGA00001326246,2017-03-11 14:01:27+01,2017-03-11 14:01:27+01
EGAX00001496066,,,,200,,ILLUMINA,Illumina HiSeq 2500,PAIRED,RNA-Seq,TRANSCRIPTOMIC,Oligo-dT,,EGAS00001002346,EGA00001326246,2017-03-11 14:01:27+01,2017-03-11 14:01:27+01
EGAX00001496067,,,,200,,ILLUMINA,Illumina HiSeq 2500,PAIRED,Targeted-Capture,GENOMIC,Hybrid Selection,,EGAS00001002346,EGA00001326246,2017-03-11 14:01:27+01,2017-03-11 14:01:27+01
EGAX00001496068,,,,200,,ILLUMINA,Illumina HiSeq 2500,PAIRED,RNA-Seq,TRANSCRIPTOMIC,Oligo-dT,,EGAS00001002346,EGA00001326246,2017-03-11 14:01:27+01,2017-03-11 14:01:27+01
EGAX00001496069,,,,200,,ILLUMINA,Illumina HiSeq 2500,PAIRED,RNA-Seq,TRANSCRIPTOMIC,Oligo-dT,,EGAS00001002346,EGA00001326246,2017-03-11 14:01:27+01,2017-03-11 14:01:27+01
EGAX00001496070,,,,200,,ILLUMINA,Illumina HiSeq 2500,PAIRED,RNA-Seq,TRANSCRIPTOMIC,Oligo-dT,,EGAS00001002346,EGA00001326246,2017-03-11 14:01:27+01,2017-03-11 14:01:27+01
EGAX00001496071,,,,200,,ILLUMINA,Illumina HiSeq 2500,PAIRED,Targeted-Capture,GENOMIC,Hybrid Selection,,EGAS00001002346,EGA00001326246,2017-03-11 14:01:27+01,2017-03-11 14:01:27+01
EGAX00001496072,,,,200,,ILLUMINA,Illumina HiSeq 2500,PAIRED,RNA-Seq,TRANSCRIPTOMIC,Oligo-dT,,EGAS00001002346,EGA00001326246,2017-03-11 14:01:27+01,2017-03-11 14:01:27+01
EGAX00001496073,,,,200,,ILLUMINA,Illumina HiSeq 2500,PAIRED,RNA-Seq,TRANSCRIPTOMIC,Oligo-dT,,EGAS00001002346,EGA00001326246,2017-03-11 14:01:27+01,2017-03-11 14:01:27+01
EGAX00001496074,,,,200,,ILLUMINA,Illumina HiSeq 2500,PAIRED,Targeted-Capture,GENOMIC,Hybrid Selection,,EGAS00001002346,EGA00001326246,2017-03-11 14:01:27+01,2017-03-11 14:01:27+01
EGAX00001496075,,,,200,,ILLUMINA,Illumina HiSeq 2500,PAIRED,RNA-Seq,TRANSCRIPTOMIC,Oligo-dT,,EGAS00001002346,EGA00001326246,2017-03-11 14:01:27+01,2017-03-11 14:01:27+01
EGAX00001496076,,,,200,,ILLUMINA,Illumina HiSeq 2500,PAIRED,Targeted-Capture,GENOMIC,Hybrid Selection,,EGAS00001002346,EGA00001326246,2017-03-11 14:01:27+01,2017-03-11 14:01:27+01
EGAX00001496077,,,,200,,ILLUMINA,Illumina HiSeq 2500,PAIRED,RNA-Seq,TRANSCRIPTOMIC,Oligo-dT,,EGAS00001002346,EGA00001326246,2017-03-11 14:01:27+01,2017-03-11 14:01:27+01
EGAX00001496078,,,,200,,ILLUMINA,Illumina HiSeq 2500,PAIRED,Targeted-Capture,GENOMIC,Hybrid Selection,,EGAS00001002346,EGA00001326246,2017-03-11 14:01:27+01,2017-03-11 14:01:27+01
EGAX00001496079,,,,200,,ILLUMINA,Illumina HiSeq 2500,PAIRED,RNA-Seq,TRANSCRIPTOMIC,Oligo-dT,,EGAS00001002346,EGA00001326246,2017-03-11 14:01:27+01,2017-03-11 14:01:27+01
EGAX00001496080,,,,200,,ILLUMINA,Illumina HiSeq 2500,PAIRED,Targeted-Capture,GENOMIC,Hybrid Selection,,EGAS00001002346,EGA00001326246,2017-03-11 14:01:27+01,2017-03-11 14:01:27+01
EGAX00001496081,,,,200,,ILLUMINA,Illumina HiSeq 2500,PAIRED,RNA-Seq,TRANSCRIPTOMIC,Oligo-dT,,EGAS00001002346,EGA00001326246,2017-03-11 14:01:27+01,2017-03-11 14:01:27+01
EGAX00001496082,,,,200,,ILLUMINA,Illumina HiSeq 2500,PAIRED,Targeted-Capture,GENOMIC,Hybrid Selection,,EGAS00001002346,EGA00001326246,2017-03-11 14:01:27+01,2017-03-11 14:01:27+01
EGAX00001496083,,,,200,,ILLUMINA,Illumina HiSeq 2500,PAIRED,RNA-Seq,TRANSCRIPTOMIC,Oligo-dT,,EGAS00001002346,EGA00001326246,2017-03-11 14:01:27+01,2017-03-11 14:01:27+01
EGAX00001496084,,,,200,,ILLUMINA,Illumina HiSeq 2500,PAIRED,Targeted-Capture,GENOMIC,Hybrid Selection,,EGAS00001002346,EGA00001326246,2017-03-11 14:01:27+01,2017-03-11 14:01:27+01
EGAX00001496085,,,,200,,ILLUMINA,Illumina HiSeq 2500,PAIRED,RNA-Seq,TRANSCRIPTOMIC,Oligo-dT,,EGAS00001002346,EGA00001326246,2017-03-11 14:01:27+01,2017-03-11 14:01:27+01
EGAX00001496086,,,,200,,ILLUMINA,Illumina HiSeq 2500,PAIRED,Targeted-Capture,GENOMIC,Hybrid Selection,,EGAS00001002346,EGA00001326246,2017-03-11 14:01:27+01,2017-03-11 14:01:27+01
EGAX00001496087,,,,200,,ILLUMINA,Illumina HiSeq 2500,PAIRED,RNA-Seq,TRANSCRIPTOMIC,Oligo-dT,,EGAS00001002346,EGA00001326246,2017-03-11 14:01:27+01,2017-03-11 14:01:27+01
EGAX00001496088,,,,200,,ILLUMINA,Illumina HiSeq 2500,PAIRED,RNA-Seq,TRANSCRIPTOMIC,Oligo-dT,,EGAS00001002346,EGA00001326246,2017-03-11 14:01:27+01,2017-03-11 14:01:27+01
EGAX00001496089,,,,200,,ILLUMINA,Illumina HiSeq 2500,PAIRED,RNA-Seq,TRANSCRIPTOMIC,Oligo-dT,,EGAS00001002346,EGA00001326246,2017-03-11 14:01:27+01,2017-03-11 14:01:27+01
EGAX00001496090,,,,200,,ILLUMINA,Illumina HiSeq 2500,PAIRED,Targeted-Capture,GENOMIC,Hybrid Selection,,EGAS00001002346,EGA00001326246,2017-03-11 14:01:27+01,2017-03-11 14:01:27+01
EGAX00001496091,,,,200,,ILLUMINA,Illumina HiSeq 2500,PAIRED,RNA-Seq,TRANSCRIPTOMIC,Oligo-dT,,EGAS00001002346,EGA00001326246,2017-03-11 14:01:27+01,2017-03-11 14:01:27+01
EGAX00001496092,,,,200,,ILLUMINA,Illumina HiSeq 2500,PAIRED,RNA-Seq,TRANSCRIPTOMIC,Oligo-dT,,EGAS00001002346,EGA00001326246,2017-03-11 14:01:27+01,2017-03-11 14:01:27+01
EGAX00001496093,,,,200,,ILLUMINA,Illumina HiSeq 2500,PAIRED,RNA-Seq,TRANSCRIPTOMIC,Oligo-dT,,EGAS00001002346,EGA00001326246,2017-03-11 14:01:27+01,2017-03-11 14:01:27+01
EGAX00001496094,,,,200,,ILLUMINA,Illumina HiSeq 2500,PAIRED,RNA-Seq,TRANSCRIPTOMIC,Oligo-dT,,EGAS00001002346,EGA00001326246,2017-03-11 14:01:27+01,2017-03-11 14:01:27+01
EGAX00001496095,,,,200,,ILLUMINA,Illumina HiSeq 2500,PAIRED,RNA-Seq,TRANSCRIPTOMIC,Oligo-dT,,EGAS00001002346,EGA00001326246,2017-03-11 14:01:27+01,2017-03-11 14:01:27+01
EGAX00001496096,,,,200,,ILLUMINA,Illumina HiSeq 2500,PAIRED,RNA-Seq,TRANSCRIPTOMIC,Oligo-dT,,EGAS00001002346,EGA00001326246,2017-03-11 14:01:27+01,2017-03-11 14:01:27+01
EGAX00001496097,,,,200,,ILLUMINA,Illumina HiSeq 2500,PAIRED,Targeted-Capture,GENOMIC,Hybrid Selection,,EGAS00001002346,EGA00001326246,2017-03-11 14:01:27+01,2017-03-11 14:01:27+01
EGAX00001496098,,,,200,,ILLUMINA,Illumina HiSeq 2500,PAIRED,RNA-Seq,TRANSCRIPTOMIC,Oligo-dT,,EGAS00001002346,EGA00001326246,2017-03-11 14:01:27+01,2017-03-11 14:01:27+01
EGAX00001496099,,,,200,,ILLUMINA,Illumina HiSeq 2500,PAIRED,Targeted-Capture,GENOMIC,Hybrid Selection,,EGAS00001002346,EGA00001326246,2017-03-11 14:01:27+01,2017-03-11 14:01:27+01
EGAX00001496100,,,,200,,ILLUMINA,Illumina HiSeq 2500,PAIRED,RNA-Seq,TRANSCRIPTOMIC,Oligo-dT,,EGAS00001002346,EGA00001326246,2017-03-11 14:01:27+01,2017-03-11 14:01:27+01
EGAX00001496101,,,,200,,ILLUMINA,Illumina HiSeq 2500,PAIRED,RNA-Seq,TRANSCRIPTOMIC,Oligo-dT,,EGAS00001002346,EGA00001326246,2017-03-11 14:01:27+01,2017-03-11 14:01:28+01
EGAX00001496102,,,,200,,ILLUMINA,Illumina HiSeq 2500,PAIRED,RNA-Seq,TRANSCRIPTOMIC,Oligo-dT,,EGAS00001002346,EGA00001326246,2017-03-11 14:01:28+01,2017-03-11 14:01:28+01
EGAX00001496103,,,,200,,ILLUMINA,Illumina HiSeq 2500,PAIRED,Targeted-Capture,GENOMIC,Hybrid Selection,,EGAS00001002346,EGA00001326246,2017-03-11 14:01:28+01,2017-03-11 14:01:28+01
EGAX00001496104,,,,200,,ILLUMINA,Illumina HiSeq 2500,PAIRED,RNA-Seq,TRANSCRIPTOMIC,Oligo-dT,,EGAS00001002346,EGA00001326246,2017-03-11 14:01:28+01,2017-03-11 14:01:28+01
EGAX00001496105,,,,200,,ILLUMINA,Illumina HiSeq 2500,PAIRED,Targeted-Capture,GENOMIC,Hybrid Selection,,EGAS00001002346,EGA00001326246,2017-03-11 14:01:28+01,2017-03-11 14:01:28+01
EGAX00001496106,,,,200,,ILLUMINA,Illumina HiSeq 2500,PAIRED,RNA-Seq,TRANSCRIPTOMIC,Oligo-dT,,EGAS00001002346,EGA00001326246,2017-03-11 14:01:28+01,2017-03-11 14:01:28+01
EGAX00001496107,,,,200,,ILLUMINA,Illumina HiSeq 2500,PAIRED,RNA-Seq,TRANSCRIPTOMIC,Oligo-dT,,EGAS00001002346,EGA00001326246,2017-03-11 14:01:28+01,2017-03-11 14:01:28+01
EGAX00001496108,,,,200,,ILLUMINA,Illumina HiSeq 2500,PAIRED,RNA-Seq,TRANSCRIPTOMIC,Oligo-dT,,EGAS00001002346,EGA00001326246,2017-03-11 14:01:28+01,2017-03-11 14:01:28+01
EGAX00001496109,,,,200,,ILLUMINA,Illumina HiSeq 2500,PAIRED,Targeted-Capture,GENOMIC,Hybrid Selection,,EGAS00001002346,EGA00001326246,2017-03-11 14:01:28+01,2017-03-11 14:01:28+01
EGAX00001496110,,,,200,,ILLUMINA,Illumina HiSeq 2500,PAIRED,RNA-Seq,TRANSCRIPTOMIC,Oligo-dT,,EGAS00001002346,EGA00001326246,2017-03-11 14:01:28+01,2017-03-11 14:01:28+01
EGAX00001496111,,,,200,,ILLUMINA,Illumina HiSeq 2500,PAIRED,Targeted-Capture,GENOMIC,Hybrid Selection,,EGAS00001002346,EGA00001326246,2017-03-11 14:01:28+01,2017-03-11 14:01:28+01
EGAX00001496112,,,,200,,ILLUMINA,Illumina HiSeq 2500,PAIRED,RNA-Seq,TRANSCRIPTOMIC,Oligo-dT,,EGAS00001002346,EGA00001326246,2017-03-11 14:01:28+01,2017-03-11 14:01:28+01
EGAX00001496113,,,,200,,ILLUMINA,Illumina HiSeq 2500,PAIRED,RNA-Seq,TRANSCRIPTOMIC,Oligo-dT,,EGAS00001002346,EGA00001326246,2017-03-11 14:01:28+01,2017-03-11 14:01:28+01
EGAX00001496114,,,,200,,ILLUMINA,Illumina HiSeq 2500,PAIRED,Targeted-Capture,GENOMIC,Hybrid Selection,,EGAS00001002346,EGA00001326246,2017-03-11 14:01:28+01,2017-03-11 14:01:28+01
EGAX00001496115,,,,200,,ILLUMINA,Illumina HiSeq 2500,PAIRED,RNA-Seq,TRANSCRIPTOMIC,Oligo-dT,,EGAS00001002346,EGA00001326246,2017-03-11 14:01:28+01,2017-03-11 14:01:28+01
EGAX00001496116,,,,200,,ILLUMINA,Illumina HiSeq 2500,PAIRED,Targeted-Capture,GENOMIC,Hybrid Selection,,EGAS00001002346,EGA00001326246,2017-03-11 14:01:28+01,2017-03-11 14:01:28+01
EGAX00001496117,,,,200,,ILLUMINA,Illumina HiSeq 2500,PAIRED,RNA-Seq,TRANSCRIPTOMIC,Oligo-dT,,EGAS00001002346,EGA00001326246,2017-03-11 14:01:28+01,2017-03-11 14:01:28+01
EGAX00001496118,,,,200,,ILLUMINA,Illumina HiSeq 2500,PAIRED,RNA-Seq,TRANSCRIPTOMIC,Oligo-dT,,EGAS00001002346,EGA00001326246,2017-03-11 14:01:28+01,2017-03-11 14:01:28+01
EGAX00001496119,,,,200,,ILLUMINA,Illumina HiSeq 2500,PAIRED,RNA-Seq,TRANSCRIPTOMIC,Oligo-dT,,EGAS00001002346,EGA00001326246,2017-03-11 14:01:28+01,2017-03-11 14:01:28+01
EGAX00001496120,,,,200,,ILLUMINA,Illumina HiSeq 2500,PAIRED,RNA-Seq,TRANSCRIPTOMIC,Oligo-dT,,EGAS00001002346,EGA00001326246,2017-03-11 14:01:28+01,2017-03-11 14:01:28+01
EGAX00001496121,,,,200,,ILLUMINA,Illumina HiSeq 2500,PAIRED,Targeted-Capture,GENOMIC,Hybrid Selection,,EGAS00001002346,EGA00001326246,2017-03-11 14:01:28+01,2017-03-11 14:01:28+01
EGAX00001496122,,,,200,,ILLUMINA,Illumina HiSeq 2500,PAIRED,RNA-Seq,TRANSCRIPTOMIC,Oligo-dT,,EGAS00001002346,EGA00001326246,2017-03-11 14:01:28+01,2017-03-11 14:01:28+01
EGAX00001496123,,,,200,,ILLUMINA,Illumina HiSeq 2500,PAIRED,RNA-Seq,TRANSCRIPTOMIC,Oligo-dT,,EGAS00001002346,EGA00001326246,2017-03-11 14:01:28+01,2017-03-11 14:01:28+01
EGAX00001496124,,,,200,,ILLUMINA,Illumina HiSeq 2500,PAIRED,RNA-Seq,TRANSCRIPTOMIC,Oligo-dT,,EGAS00001002346,EGA00001326246,2017-03-11 14:01:28+01,2017-03-11 14:01:28+01
EGAX00001496125,,,,200,,ILLUMINA,Illumina HiSeq 2500,PAIRED,Targeted-Capture,GENOMIC,Hybrid Selection,,EGAS00001002346,EGA00001326246,2017-03-11 14:01:28+01,2017-03-11 14:01:28+01
EGAX00001496126,,,,200,,ILLUMINA,Illumina HiSeq 2500,PAIRED,RNA-Seq,TRANSCRIPTOMIC,Oligo-dT,,EGAS00001002346,EGA00001326246,2017-03-11 14:01:28+01,2017-03-11 14:01:28+01
EGAX00001496127,,,,200,,ILLUMINA,Illumina HiSeq 2500,PAIRED,Targeted-Capture,GENOMIC,Hybrid Selection,,EGAS00001002346,EGA00001326246,2017-03-11 14:01:28+01,2017-03-11 14:01:28+01
EGAX00001496128,,,,200,,ILLUMINA,Illumina HiSeq 2500,PAIRED,RNA-Seq,TRANSCRIPTOMIC,Oligo-dT,,EGAS00001002346,EGA00001326246,2017-03-11 14:01:28+01,2017-03-11 14:01:28+01
EGAX00001496129,,,,200,,ILLUMINA,Illumina HiSeq 2500,PAIRED,Targeted-Capture,GENOMIC,Hybrid Selection,,EGAS00001002346,EGA00001326246,2017-03-11 14:01:28+01,2017-03-11 14:01:28+01
EGAX00001496130,,,,200,,ILLUMINA,Illumina HiSeq 2500,PAIRED,RNA-Seq,TRANSCRIPTOMIC,Oligo-dT,,EGAS00001002346,EGA00001326246,2017-03-11 14:01:28+01,2017-03-11 14:01:28+01
EGAX00001496131,,,,200,,ILLUMINA,Illumina HiSeq 2500,PAIRED,Targeted-Capture,GENOMIC,Hybrid Selection,,EGAS00001002346,EGA00001326246,2017-03-11 14:01:28+01,2017-03-11 14:01:28+01
EGAX00001496132,,,,200,,ILLUMINA,Illumina HiSeq 2500,PAIRED,RNA-Seq,TRANSCRIPTOMIC,Oligo-dT,,EGAS00001002346,EGA00001326246,2017-03-11 14:01:28+01,2017-03-11 14:01:28+01
EGAX00001496133,,,,200,,ILLUMINA,Illumina HiSeq 2500,PAIRED,RNA-Seq,TRANSCRIPTOMIC,Oligo-dT,,EGAS00001002346,EGA00001326246,2017-03-11 14:01:28+01,2017-03-11 14:01:28+01
EGAX00001496134,,,,200,,ILLUMINA,Illumina HiSeq 2500,PAIRED,Targeted-Capture,GENOMIC,Hybrid Selection,,EGAS00001002346,EGA00001326246,2017-03-11 14:01:28+01,2017-03-11 14:01:28+01
EGAX00001496135,,,,200,,ILLUMINA,Illumina HiSeq 2500,PAIRED,RNA-Seq,TRANSCRIPTOMIC,Oligo-dT,,EGAS00001002346,EGA00001326246,2017-03-11 14:01:28+01,2017-03-11 14:01:28+01
EGAX00001496136,,,,200,,ILLUMINA,Illumina HiSeq 2500,PAIRED,RNA-Seq,TRANSCRIPTOMIC,Oligo-dT,,EGAS00001002346,EGA00001326246,2017-03-11 14:01:28+01,2017-03-11 14:01:28+01
EGAX00001496137,,,,200,,ILLUMINA,Illumina HiSeq 2500,PAIRED,RNA-Seq,TRANSCRIPTOMIC,Oligo-dT,,EGAS00001002346,EGA00001326246,2017-03-11 14:01:28+01,2017-03-11 14:01:28+01
EGAX00001496138,,,,200,,ILLUMINA,Illumina HiSeq 2500,PAIRED,Targeted-Capture,GENOMIC,Hybrid Selection,,EGAS00001002346,EGA00001326246,2017-03-11 14:01:28+01,2017-03-11 14:01:28+01
EGAX00001496139,,,,200,,ILLUMINA,Illumina HiSeq 2500,PAIRED,RNA-Seq,TRANSCRIPTOMIC,Oligo-dT,,EGAS00001002346,EGA00001326246,2017-03-11 14:01:28+01,2017-03-11 14:01:28+01
EGAX00001496140,,,,200,,ILLUMINA,Illumina HiSeq 2500,PAIRED,RNA-Seq,TRANSCRIPTOMIC,Oligo-dT,,EGAS00001002346,EGA00001326246,2017-03-11 14:01:28+01,2017-03-11 14:01:28+01
EGAX00001496141,,,,200,,ILLUMINA,Illumina HiSeq 2500,PAIRED,RNA-Seq,TRANSCRIPTOMIC,Oligo-dT,,EGAS00001002346,EGA00001326246,2017-03-11 14:01:28+01,2017-03-11 14:01:28+01
EGAX00001496142,,,,200,,ILLUMINA,Illumina HiSeq 2500,PAIRED,RNA-Seq,TRANSCRIPTOMIC,Oligo-dT,,EGAS00001002346,EGA00001326246,2017-03-11 14:01:28+01,2017-03-11 14:01:28+01
EGAX00001496143,,,,200,,ILLUMINA,Illumina HiSeq 2500,PAIRED,RNA-Seq,TRANSCRIPTOMIC,Oligo-dT,,EGAS00001002346,EGA00001326246,2017-03-11 14:01:28+01,2017-03-11 14:01:28+01
EGAX00001496144,,,,200,,ILLUMINA,Illumina HiSeq 2500,PAIRED,RNA-Seq,TRANSCRIPTOMIC,Oligo-dT,,EGAS00001002346,EGA00001326246,2017-03-11 14:01:28+01,2017-03-11 14:01:28+01
EGAX00001496145,,,,200,,ILLUMINA,Illumina HiSeq 2500,PAIRED,RNA-Seq,TRANSCRIPTOMIC,Oligo-dT,,EGAS00001002346,EGA00001326250,2017-03-12 02:33:32+01,2017-03-12 02:33:32+01
EGAX00001515346,,,,200,,ILLUMINA,Illumina HiSeq 2500,PAIRED,RNA-Seq,TRANSCRIPTOMIC,Oligo-dT,,EGAS00001002346,EGA00001347750,2017-05-24 06:07:38+02,2017-05-24 06:07:38+02
EGAX00001515349,,,,200,,ILLUMINA,Illumina HiSeq 2500,PAIRED,RNA-Seq,TRANSCRIPTOMIC,Oligo-dT,,EGAS00001002346,EGA00001347750,2017-05-24 06:07:38+02,2017-05-24 06:07:38+02
EGAX00001515353,,,,200,,ILLUMINA,Illumina HiSeq 2500,PAIRED,RNA-Seq,TRANSCRIPTOMIC,Oligo-dT,,EGAS00001002346,EGA00001347750,2017-05-24 06:07:38+02,2017-05-24 06:07:38+02
EGAX00001515357,,,,200,,ILLUMINA,Illumina HiSeq 2500,PAIRED,RNA-Seq,TRANSCRIPTOMIC,Oligo-dT,,EGAS00001002346,EGA00001347750,2017-05-24 06:07:38+02,2017-05-24 06:07:38+02
EGAX00001515848,,,,200,,ILLUMINA,Illumina HiSeq 2500,PAIRED,RNA-Seq,TRANSCRIPTOMIC,Oligo-dT,,EGAS00001002346,EGA00001347751,2017-05-24 07:10:23+02,2017-05-24 07:10:23+02
EGAX00001515849,,,,200,,ILLUMINA,Illumina HiSeq 2500,PAIRED,RNA-Seq,TRANSCRIPTOMIC,Oligo-dT,,EGAS00001002346,EGA00001347751,2017-05-24 07:10:23+02,2017-05-24 07:10:23+02
EGAX00001515850,,,,200,,ILLUMINA,Illumina HiSeq 2500,PAIRED,RNA-Seq,TRANSCRIPTOMIC,Oligo-dT,,EGAS00001002346,EGA00001347751,2017-05-24 07:10:23+02,2017-05-24 07:10:23+02
EGAX00001515851,,,,200,,ILLUMINA,Illumina HiSeq 2500,PAIRED,RNA-Seq,TRANSCRIPTOMIC,Oligo-dT,,EGAS00001002346,EGA00001347751,2017-05-24 07:10:23+02,2017-05-24 07:10:24+02
EGAX00001515852,,,,200,,ILLUMINA,Illumina HiSeq 2500,PAIRED,RNA-Seq,TRANSCRIPTOMIC,Oligo-dT,,EGAS00001002346,EGA00001347751,2017-05-24 07:10:24+02,2017-05-24 07:10:24+02
EGAX00001515853,,,,200,,ILLUMINA,Illumina HiSeq 2500,PAIRED,RNA-Seq,TRANSCRIPTOMIC,Oligo-dT,,EGAS00001002346,EGA00001347751,2017-05-24 07:10:24+02,2017-05-24 07:10:24+02
EGAX00001522876,,,,200,,ILLUMINA,Illumina HiSeq 2500,PAIRED,RNA-Seq,TRANSCRIPTOMIC,Oligo-dT,,EGAS00001002346,EGA00001352470,2017-06-29 07:09:38+02,2017-06-29 07:09:38+02
EGAX00001522879,,,,200,,ILLUMINA,Illumina HiSeq 2500,PAIRED,RNA-Seq,TRANSCRIPTOMIC,Oligo-dT,,EGAS00001002346,EGA00001352470,2017-06-29 07:09:38+02,2017-06-29 07:09:38+02
EGAX00001522882,,,,200,,ILLUMINA,Illumina HiSeq 2500,PAIRED,RNA-Seq,TRANSCRIPTOMIC,Oligo-dT,,EGAS00001002346,EGA00001352470,2017-06-29 07:09:38+02,2017-06-29 07:09:38+02
EGAX00001522883,,,,200,,ILLUMINA,Illumina HiSeq 2500,PAIRED,RNA-Seq,TRANSCRIPTOMIC,Oligo-dT,,EGAS00001002346,EGA00001352470,2017-06-29 07:09:38+02,2017-06-29 07:09:38+02
EGAX00001522884,,,,200,,ILLUMINA,Illumina HiSeq 2500,PAIRED,RNA-Seq,TRANSCRIPTOMIC,Oligo-dT,,EGAS00001002346,EGA00001352470,2017-06-29 07:09:38+02,2017-06-29 07:09:38+02
EGAX00001522885,,,,200,,ILLUMINA,Illumina HiSeq 2500,PAIRED,RNA-Seq,TRANSCRIPTOMIC,Oligo-dT,,EGAS00001002346,EGA00001352470,2017-06-29 07:09:38+02,2017-06-29 07:09:38+02
EGAX00001522886,,,,200,,ILLUMINA,Illumina HiSeq 2500,PAIRED,RNA-Seq,TRANSCRIPTOMIC,Oligo-dT,,EGAS00001002346,EGA00001352470,2017-06-29 07:09:38+02,2017-06-29 07:09:38+02
EGAX00001522887,,,,200,,ILLUMINA,Illumina HiSeq 2500,PAIRED,RNA-Seq,TRANSCRIPTOMIC,Oligo-dT,,EGAS00001002346,EGA00001352470,2017-06-29 07:09:38+02,2017-06-29 07:09:38+02
EGAX00001522888,,,,200,,ILLUMINA,Illumina HiSeq 2500,PAIRED,RNA-Seq,TRANSCRIPTOMIC,Oligo-dT,,EGAS00001002346,EGA00001352470,2017-06-29 07:09:38+02,2017-06-29 07:09:38+02
EGAX00001522889,,,,200,,ILLUMINA,Illumina HiSeq 2500,PAIRED,RNA-Seq,TRANSCRIPTOMIC,Oligo-dT,,EGAS00001002346,EGA00001352470,2017-06-29 07:09:38+02,2017-06-29 07:09:38+02
EGAX00001522890,,,,200,,ILLUMINA,Illumina HiSeq 2500,PAIRED,RNA-Seq,TRANSCRIPTOMIC,Oligo-dT,,EGAS00001002346,EGA00001352470,2017-06-29 07:09:38+02,2017-06-29 07:09:38+02
